Workbook
Name _____top1: {30,140,350,160,"",""}
Name _____top1: {30,140,350,160,"",""}
Name _____top1: {30,140,350,160,"",""}
Name _____top1: {30,140,350,160,"",""}
Name ____C65537: #REF!
Name ____C65537: #REF!
Name ____C65537: #REF!
Name ____top1: {30,140,350,160,"",""}
Name ____top1: {30,140,350,160,"",""}
Name ____top1: {30,140,350,160,"",""}
Name ____top1: {30,140,350,160,"",""}
Name ___C65537: #REF!
Name ___C65537: #REF!
Name ___C65537: #REF!
Name ___top1: {30,140,350,160,"",""}
Name ___top1: {30,140,350,160,"",""}
Name ___top1: {30,140,350,160,"",""}
Name ___top1: {30,140,350,160,"",""}
Name __C65537: #REF!
Name __C65537: #REF!
Name __C65537: #REF!
Name __I______AU__E: #REF!
Name __I______AU__E: #REF!
Name __I______AU__E: #REF!
Name __top1: {30,140,350,160,"",""}
Name __top1: {30,140,350,160,"",""}
Name __top1: {30,140,350,160,"",""}
Name __top1: {30,140,350,160,"",""}
Name _08: #REF!
Name _08: #REF!
Name _08: #REF!
Name _C65537: #REF!
Name _C65537: #REF!
Name _C65537: #REF!
Name _top1: {30,140,350,160,"",""}
Name _top1: {30,140,350,160,"",""}
Name _top1: {30,140,350,160,"",""}
Name _top1: {30,140,350,160,"",""}
Name a: {30,140,350,160,"",""}
Name a: {30,140,350,160,"",""}
Name a: {30,140,350,160,"",""}
Name a: {30,140,350,160,"",""}
Name ad: {30,140,350,160,"",""}
Name ad: {30,140,350,160,"",""}
Name ad: {30,140,350,160,"",""}
Name ad: {30,140,350,160,"",""}
Name AE1148677: '[1]Жиззах янги раз'!#REF!
Name AE1148677: '[1]Жиззах янги раз'!#REF!
Name af: {30,140,350,160,"",""}
Name af: {30,140,350,160,"",""}
Name af: {30,140,350,160,"",""}
Name af: {30,140,350,160,"",""}
Name ag: #REF!
Name ag: #REF!
Name ag: #REF!
Name ah: {30,140,350,160,"",""}
Name ah: {30,140,350,160,"",""}
Name ah: {30,140,350,160,"",""}
Name ah: {30,140,350,160,"",""}
Name aj: {30,140,350,160,"",""}

Sheet свод
B1: Турар-жой ва нотурар-жой кўчмас мулк объектлари Жисмоний ва Юридик шахслар томонидан Узкад дастурига келган аризаларни муддати бузилиш бўйича МАЪЛУМОТ
C2: 26.06.2026-йил соат 16:20 холатига
B3: № | C3: Худудлар | D3: Жами якунлаш керак | E3: Шундан Муддати ўтган аризалар | G3: Бугун муддати тугайдиган | H3: Объект тури | J3: Шундан жараёнда турган рўллар кесмида | DD3: Муддат бузилишни олдини-олиш мақсадида тахлил
E4: Филиал томонида ўтган | F4: Регистрация томонидан ўтган | H4: Турар | I4: Нотурар | J4: Рахбар, Бош мухандис | K4: Arizani qabul qilish | L4: Arizani rad etish | M4: Arizani tasdiqlash | N4: Arizani yo'naltirish | O4: Rad qilish sababini o'rganish | P4: Ko'chmas mulkni UZKAD ga migratsiya qilish | Q4: Migratisya qilingan obyekt holatini tekshirish | R4: Ko‘chmas mulkni tanlash | S4: Arizani ko'rib chiqish | T4: Kadastr muhandisini tanlash | U4: Ko'chmas mulk turini tanlash | V4: Rad qilish | W4: ijrochi tanlash | X4: Ko'chmas mulk turini tanlash | Y4: Кадастр мухандис | Z4: Ijroga qabul qilish | AA4: Joyida o'rganish va ma'lumotlarni kiritish | AB4: Asosiy qismdan ajratish jarayonida | AC4: Umumiy foydalanishdagi obyekt yaratilish | AD4: Migratsiya qilinadigan kadastr raqamini kiritish | AE4: O'zida qolgan obyektni yaratish | AF4: O'lchov natijalarini kiritish | AG4: Топограф | AH4: ДКЯТ | AI4: Yer uchastkasini yaratish | AJ4: ДКЯТ Бошқарма | AK4: Kelishish (Boshqarma) | AL4: ДКП Келишиш | AM4: Kelishish (DKP) | AN4: Kelishish | AO4: Kelishish (Registratsiya DKP) | AP4: ДКЯТ | AQ4: Manzil biriktirish | AR4: Bino va inshootlarni yaratish | AS4: Dov daraxtlarni yaratish | AT4: Yer uchastkasini tahrirlash | AU4: Ер баланс | AV4: Yer toifasi va maqsadini kiritish | AW4: Auksion yer tekshirish | AX4: Yer turlarini kiritish | AY4: Ma'lumotlarni kiritish | AZ4: Yer tekshirish | BA4: Кадастр мухандис | BB4: Bino va inshoot ma'lumotlarini to‘ldirish | BC4: Inventarizatsiya ma'lumotlarini to‘ldirish | BD4: Yer uchastkasiga huquqiy hujjatlarni kiritsh | BE4: Bino-inshootlarga huquqiy hujjatlarni kiritsh | BF4: Kadastr qiymatini hisoblash va kiritish | BG4: Kadastr raqam biriktirish | BH4: Kadastr yig'ma jildni tayyorlash | BI4: Huquqni yaratish | BJ4: Hujjatlarni o'rganish | BK4: Ma'lumotlarni tekshirish | BL4: Рахбар, Бош мухандис | BM4: Tekshirish | BN4: Hujjatlarni tekshirish | BO4: Tasdiqlash | BP4: tekshirish/tasdiqlash | BQ4: Ma'lumotlarni tasdiqlash | BR4: Регистрация текшириш | BS4: Ro'yxatdan o'tkazish ma'lumotlarini tekshirish | BT4: Kamchiliklar bo'yicha habarnoma yuborish va 3 kunga to'xtatish | BU4: Hisobga olish | BV4: Yer uchastkasiga huquq yaratish | BW4: Bino-inshootga huquq yaratish | BX4: Cheklov yaratish | BY4: Taqiq yaratish | BZ4: Бино Бошқарма | CA4: Soliq maydonini tekshirish | CB4: Кадастр мухандис | CC4: Kadastr yig'majildini shakllantirish | CD4: Рахбар, Бош мухандис | CE4: Kadastr passportini shakllantirish | CF4: Yig'ma jildni tasdiqlash | CG4: To'lov yoki bepul tasdiqlash | CH4: Bog'liq arizani kutish | CI4: To'lovga chiqarish | CJ4: Hisobga qo'yish | CK4: Тўлов кутилмоқда | CL4: Регистрация ўтказиш | CM4: Arizani qabul qilish2 | CN4: Huquqlarni tekshirish | CO4: Ko'chmas mulkni ro'yhatdan o'tkazishga qabul qilish | CP4: Ro'yxatdan o'tkazish | CQ4: Kadastr pasporti va ko'chirmani yuborish | CR4: Rad qilish2 | CS4: Ko'chirmani yuborish | CT4: Ma‘lumotlarni tekshirish | CU4: Кадастр мухандис | CV4: Kadastr yig'majildini chop etish va arxiv ishiga tikish | CW4: Архивариус | CX4: Kadastr yig‘majildini qabul qilish, arizani yakunlash | CY4: Next Cloudga yuklash | CZ4: Келишиш кутилмоқда | DA4: ЯКУНЛАНДИ | DB4: Рад этилганлар | DC4: ҚОЛДИ | DD4: Муддати бузилишга 1-кун қолган | DE4: Муддати бузилишга 2-кун қолган | DF4: Муддати бузилишга 3-кун қолган | DG4: Муддати бузилишга 4-кун қолган | DH4: Муддати бузилишга 5-кун қолган | DI4: Муддати бузилишга 6-10-кун қолган | DJ4: Муддати бузилишга 10 кундан кўп
C5: НАМАНГАН | D5: =+D6+D21+D35+D49+D100+D117+D141+D161+D180+D194+D208+D227 -> 276 | E5: =+E6+E21+E35+E49+E100+E117+E141+E161+E180+E194+E208+E227 -> 67 | F5: =+F6+F21+F35+F49+F100+F117+F141+F161+F180+F194+F208+F227 -> 17 | G5: =+G6+G21+G35+G49+G100+G117+G141+G161+G180+G194+G208+G227 -> 192 | H5: =+H6+H21+H35+H49+H100+H117+H141+H161+H180+H194+H208+H227 -> 226 | I5: =+I6+I21+I35+I49+I100+I117+I141+I161+I180+I194+I208+I227 -> 50 | J5: =+J6+J21+J35+J49+J100+J117+J141+J161+J180+J194+J208+J227 -> 9 | K5: =+K6+K21+K35+K49+K100+K117+K141+K161+K180+K194+K208+K227 -> 1 | ... DC5: =+DC6+DC21+DC35+DC49+DC100+DC117+DC141+DC161+DC180+DC194+DC208+DC227 -> -174 | DD5: =+DD6+DD21+DD35+DD49+DD100+DD117+DD141+DD161+DD180+DD194+DD208+DD227+DD99 -> 0 | DE5: =+DE6+DE21+DE35+DE49+DE100+DE117+DE141+DE161+DE180+DE194+DE208+DE227+DE99 -> 0 | DF5: =+DF6+DF21+DF35+DF49+DF100+DF117+DF141+DF161+DF180+DF194+DF208+DF227+DF99 -> 237 | DG5: =+DG6+DG21+DG35+DG49+DG100+DG117+DG141+DG161+DG180+DG194+DG208+DG227+DG99 -> 232 | DH5: =+DH6+DH21+DH35+DH49+DH100+DH117+DH141+DH161+DH180+DH194+DH208+DH227+DH99 -> 289 | DI5: =+DI6+DI21+DI35+DI49+DI100+DI117+DI141+DI161+DI180+DI194+DI208+DI227+DI99 -> 1029 | DJ5: =+DJ6+DJ21+DJ35+DJ49+DJ100+DJ117+DJ141+DJ161+DJ180+DJ194+DJ208+DJ227+DJ99 -> 1061
A6: KSST | B6: 1 | C6: Косонсой тумани | D6: =+COUNTIFS('muddati otgan'!B:B,A6,'muddati otgan'!B:B,A6) -> 19 | E6: =SUMIFS('muddati otgan'!$V:V,'muddati otgan'!$B:B,$A:A) -> 1 | F6: =SUMIFS('muddati otgan'!$W:W,'muddati otgan'!$B:B,$A:A) -> 0 | G6: =SUMIFS('muddati otgan'!$U:U,'muddati otgan'!$B:B,$A:A) -> 18 | H6: =SUMIFS('muddati otgan'!$G:G,'muddati otgan'!$B:B,$A:A) -> 12 | I6: =SUMIFS('muddati otgan'!$H:H,'muddati otgan'!$B:B,$A:A) -> 7 | J6: =K6+P6+Q6+R6+S6+T6+U6+V6+W6+L6+O6+M6+N6+X6 -> 0 | K6: =+COUNTIFS('muddati otgan'!B:B,A6,'muddati otgan'!AA:AA,"Arizani qabul qilish") -> 0 | L6: =+COUNTIFS('muddati otgan'!B:B,A6,'muddati otgan'!J:J,"Arizani rad etish") -> 0 | M6: =+COUNTIFS('muddati otgan'!B:B,A6,'muddati otgan'!J:J,"Arizani tasdiqlash") -> 0 | N6: =+COUNTIFS('muddati otgan'!B:B,A6,'muddati otgan'!J:J,"Arizani yo'naltirish") -> 0 | O6: =+COUNTIFS('muddati otgan'!B:B,A6,'muddati otgan'!J:J,"Rad qilish sababini o'rganish") -> 0 | P6: =+COUNTIFS('muddati otgan'!B:B,A6,'muddati otgan'!J:J,"Ko'chmas mulkni UZKAD ga migratsiya qilish") -> 0 | Q6: =+COUNTIFS('muddati otgan'!B:B,A6,'muddati otgan'!J:J,"Migratisya qilingan obyekt holatini tekshirish") -> 0 | R6: =+COUNTIFS('muddati otgan'!B:B,A6,'muddati otgan'!J:J,"Ko‘chmas mulkni tanlash") -> 0 | S6: =+COUNTIFS('muddati otgan'!B:B,A6,'muddati otgan'!J:J,"Arizani ko'rib chiqish") -> 0 | T6: =+COUNTIFS('muddati otgan'!B:B,A6,'muddati otgan'!J:J,"Kadastr muhandisini tanlash") -> 0 | U6: =+COUNTIFS('muddati otgan'!B:B,A6,'muddati otgan'!J:J,"Ko'chmas mulk turini tanlahsh") -> 0 | V6: =+COUNTIFS('muddati otgan'!B:B,A6,'muddati otgan'!AA:AA,"Rad qilish") -> 0 | W6: =+COUNTIFS('muddati otgan'!B:B,A6,'muddati otgan'!J:J,"ijrochi tanlash") -> 0 | X6: =+COUNTIFS('muddati otgan'!B:B,A6,'muddati otgan'!J:J,"Ko'chmas mulk turini tanlash") -> 0 | Y6: =Z6+AD6+AF6+AE6+AC6+AB6+AA6 -> 0 | Z6: =+COUNTIFS('muddati otgan'!B:B,A6,'muddati otgan'!J:J,"Ijroga qabul qilish") -> 0 | AA6: =+COUNTIFS('muddati otgan'!B:B,A6,'muddati otgan'!J:J,"Joyida o'rganish va ma'lumotlarni kiritish") -> 0 | AB6: =+COUNTIFS('muddati otgan'!B:B,A6,'muddati otgan'!J:J,"Asosiy qismdan ajratish jarayonida") -> 0 | AC6: =+COUNTIFS('muddati otgan'!B:B,A6,'muddati otgan'!J:J,"Umumiy foydalanishdagi obyekt yaratilish") -> 0 | AD6: =+COUNTIFS('muddati otgan'!B:B,A6,'muddati otgan'!J:J,"Migratsiya qilinadigan kadastr raqamini kiritish") -> 0 | AE6: =+COUNTIFS('muddati otgan'!B:B,A6,'muddati otgan'!J:J,"O'zida qolgan obyektni yaratish") -> 0 | AF6: =+COUNTIFS('muddati otgan'!B:B,A6,'muddati otgan'!J:J,"O'lchov natijalarini kiritish") -> 0 | AG6: =+COUNTIFS('muddati otgan'!B:B,A6,'muddati otgan'!J:J,"Topoxaritani tayyorlash (dwg, pdf)") -> 0 | AH6: =AI6 -> 0 | AI6: =+COUNTIFS('muddati otgan'!B:B,A6,'muddati otgan'!J:J,"Yer uchastkasini yaratish") -> 0 | AJ6: =AK6 -> 0 | AK6: =+COUNTIFS('muddati otgan'!B:B,A6,'muddati otgan'!J:J,"Kelishish (Boshqarma)") -> 0 | AL6: =AM6+AN6+AO6 -> 0 | AM6: =+COUNTIFS('muddati otgan'!B:B,A6,'muddati otgan'!J:J,"Kelishish (DKP)") -> 0 | AN6: =+COUNTIFS('muddati otgan'!B:B,A6,'muddati otgan'!J:J,"Kelishish") -> 0 | AO6: =+COUNTIFS('muddati otgan'!B:B,A6,'muddati otgan'!J:J,"Kelishish (Registratsiya DKP)") -> 0 | AP6: =AQ6+AR6+AS6+AT6 -> 0 | AQ6: =+COUNTIFS('muddati otgan'!B:B,A6,'muddati otgan'!J:J,"Manzil biriktirish") -> 0 | AR6: =+COUNTIFS('muddati otgan'!B:B,A6,'muddati otgan'!J:J,"Bino va inshootlarni yaratish") -> 0 | AS6: =+COUNTIFS('muddati otgan'!B:B,A6,'muddati otgan'!J:J,"Dov daraxtlarni yaratish") -> 0 | AT6: =+COUNTIFS('muddati otgan'!B:B,A6,'muddati otgan'!J:J,"Yer uchastkasini tahrirlash") -> 0 | AU6: =AV6+AW6+AX6+AY6+AZ6 -> 0 | AV6: =+COUNTIFS('muddati otgan'!B:B,A6,'muddati otgan'!J:J,"Yer toifasi va maqsadini kiritish") -> 0 | AW6: =+COUNTIFS('muddati otgan'!B:B,A6,'muddati otgan'!J:J,"Auksion yer tekshirish") -> 0 | AX6: =+COUNTIFS('muddati otgan'!B:B,A6,'muddati otgan'!J:J,"Yer turlarini kiritish") -> 0 | AY6: =+COUNTIFS('muddati otgan'!B:B,A6,'muddati otgan'!J:J,"Ma'lumotlarni kiritish") -> 0 | AZ6: =+COUNTIFS('muddati otgan'!B:B,A6,'muddati otgan'!J:J,"Yer tekshirish") -> 0 | BA6: =BB6+BC6+BD6+BE6+BF6+BG6+BH6+BI6+BJ6+BK6 -> 0 | BB6: =+COUNTIFS('muddati otgan'!B:B,A6,'muddati otgan'!J:J,"Bino va inshoot ma'lumotlarini to‘ldirish") -> 0 | BC6: =+COUNTIFS('muddati otgan'!B:B,A6,'muddati otgan'!J:J,"Inventarizatsiya ma'lumotlarini to‘ldirish") -> 0 | BD6: =+COUNTIFS('muddati otgan'!B:B,A6,'muddati otgan'!J:J,"Yer uchastkasiga huquqiy hujjatlarni kiritsh") -> 0 | BE6: =+COUNTIFS('muddati otgan'!B:B,A6,'muddati otgan'!J:J,"Bino-inshootlarga huquqiy hujjatlarni kiritsh") -> 0 | BF6: =+COUNTIFS('muddati otgan'!B:B,A6,'muddati otgan'!J:J,"Kadastr qiymatini hisoblash va kiritish") -> 0 | BG6: =+COUNTIFS('muddati otgan'!B:B,A6,'muddati otgan'!J:J,"Kadastr raqam biriktirish") -> 0 | BH6: =+COUNTIFS('muddati otgan'!B:B,A6,'muddati otgan'!J:J,"Kadastr yig'ma jildni tayyorlash") -> 0 | BI6: =+COUNTIFS('muddati otgan'!B:B,A6,'muddati otgan'!J:J,"Huquqni yaratish") -> 0 | BJ6: =+COUNTIFS('muddati otgan'!B:B,A6,'muddati otgan'!J:J,"Hujjatlarni o'rganish") -> 0 | BK6: =+COUNTIFS('muddati otgan'!B:B,A6,'muddati otgan'!J:J,"Ma'lumotlarni tekshirish") -> 0 | BL6: =BM6+BN6+BP6+BO6+BQ6 -> 0 | BM6: =+COUNTIFS('muddati otgan'!B:B,A6,'muddati otgan'!J:J,"Tekshirish") -> 0 | BN6: =+COUNTIFS('muddati otgan'!B:B,A6,'muddati otgan'!J:J,"Hujjatlarni tekshirish") -> 0 | BO6: =+COUNTIFS('muddati otgan'!B:B,A6,'muddati otgan'!J:J,"Tasdiqlash") -> 0 | BP6: =+COUNTIFS('muddati otgan'!B:B,A6,'muddati otgan'!J:J,"tekshirish/tasdiqlash") -> 0 | BQ6: =+COUNTIFS('muddati otgan'!B:B,A6,'muddati otgan'!J:J,"Ma'lumotlarni tasdiqlash") -> 0 | BR6: =BS6+BU6+BV6+BW6+BX6+BY6-BT6 -> 4 | BS6: =+COUNTIFS('muddati otgan'!B:B,A6,'muddati otgan'!J:J,"Ro'yxatdan o'tkazish ma'lumotlarini tekshirish") -> 4 | BT6: =+COUNTIFS('muddati otgan'!B:B,A6,'muddati otgan'!J:J,"Kamchiliklar bo'yicha habarnoma yuborish va 3 kunga to'xtatish") -> 0 | BU6: =+COUNTIFS('muddati otgan'!B:B,A6,'muddati otgan'!J:J,"Hisobga olish") -> 0 | BV6: =+COUNTIFS('muddati otgan'!B:B,A6,'muddati otgan'!J:J,"Yer uchastkasiga huquq yaratish") -> 0 | BW6: =+COUNTIFS('muddati otgan'!B:B,A6,'muddati otgan'!J:J,"Bino-inshootga huquq yaratish") -> 0 | BX6: =+COUNTIFS('muddati otgan'!B:B,A6,'muddati otgan'!J:J,"Cheklov yaratish") -> 0 | BY6: =+COUNTIFS('muddati otgan'!B:B,A6,'muddati otgan'!J:J,"Taqiq yaratish") -> 0 | BZ6: =CA6 -> 0 | CA6: =+COUNTIFS('muddati otgan'!B:B,A6,'muddati otgan'!J:J,"Soliq maydonini tekshirish") -> 0 | CB6: =CC6 -> 0 | CC6: =+COUNTIFS('muddati otgan'!B:B,A6,'muddati otgan'!J:J,"Kadastr yig'majildini shakllantirish") -> 0 | CD6: =CE6+CF6+CG6+CI6+CJ6+CH6 -> 0 | CE6: =+COUNTIFS('muddati otgan'!B:B,A6,'muddati otgan'!J:J,"Kadastr passportini shakllantirish") -> 0 | CF6: =+COUNTIFS('muddati otgan'!B:B,A6,'muddati otgan'!J:J,"Yig'ma jildni tasdiqlash") -> 0 | CG6: =+COUNTIFS('muddati otgan'!B:B,A6,'muddati otgan'!J:J,"To'lov yoki bepul tasdiqlash") -> 0 | CH6: =+COUNTIFS('muddati otgan'!B:B,A6,'muddati otgan'!J:J,"Bog'liq arizani kutish") -> 0 | CI6: =+COUNTIFS('muddati otgan'!B:B,A6,'muddati otgan'!J:J,"To'lovga chiqarish") -> 0 | CJ6: =+COUNTIFS('muddati otgan'!B:B,A6,'muddati otgan'!J:J,"Hisobga qo'yish") -> 0 | CK6: =+COUNTIFS('muddati otgan'!B:B,A6,'muddati otgan'!J:J,"To'lov kutilmoqda") -> 8 | CL6: =CM6+CN6+CO6+CP6+CQ6+CR6+CS6+CT6 -> 0 | CM6: =+COUNTIFS('muddati otgan'!B:B,A6,'muddati otgan'!AA:AA,"Arizani qabul qilish2") -> 0 | CN6: =+COUNTIFS('muddati otgan'!B:B,A6,'muddati otgan'!J:J,"Huquqlarni tekshirish") -> 0 | CO6: =+COUNTIFS('muddati otgan'!B:B,A6,'muddati otgan'!J:J,"Ko'chmas mulkni ro'yhatdan o'tkazishga qabul qilish") -> 0 | CP6: =+COUNTIFS('muddati otgan'!B:B,A6,'muddati otgan'!J:J,"Ro'yxatdan o'tkazish") -> 0 | CQ6: =+COUNTIFS('muddati otgan'!B:B,A6,'muddati otgan'!J:J,"Kadastr pasporti va ko'chirmani yuborish") -> 0 | CR6: =+COUNTIFS('muddati otgan'!B:B,A6,'muddati otgan'!AA:AA,"Rad qilish2") -> 0 | CS6: =+COUNTIFS('muddati otgan'!B:B,A6,'muddati otgan'!J:J,"Ko'chirmani yuborish") -> 0 | CT6: =+COUNTIFS('muddati otgan'!B:B,A6,'muddati otgan'!J:J,"Ma‘lumotlarni tekshirish") -> 0 | CU6: =CV6 -> 0 | CV6: =+COUNTIFS('muddati otgan'!B:B,A6,'muddati otgan'!J:J,"Kadastr yig'majildini chop etish va arxiv ishiga tikish") -> 0 | CW6: =CX6+CY6 -> 0 | CX6: =+COUNTIFS('muddati otgan'!B:B,A6,'muddati otgan'!J:J,"Kadastr yig‘majildini qabul qilish, arizani yakunlash") -> 0 | CY6: =+COUNTIFS('muddati otgan'!B:B,A6,'muddati otgan'!J:J,"Next Cloudga yuklash") -> 0 | CZ6: =+COUNTIFS('muddati otgan'!B:B,A6,'muddati otgan'!J:J,"Kelishish kutilmoqda") -> 0 | DA6: =+COUNTIFS('muddati otgan'!B:B,A6,'muddati otgan'!J:J,"Yakunlandi") -> 7 | DB6: =+COUNTIFS('muddati otgan'!B:B,A6,'muddati otgan'!J:J,"Rad etildi") -> 0 | DC6: =CK6+CZ6+DA6+DB6-D6 -> -4 | DD6: =COUNTIFS('jami 1-20 kunlik arizalar'!B:B,A:A,'jami 1-20 kunlik arizalar'!S:S,"1") -> 0 | DE6: =COUNTIFS('jami 1-20 kunlik arizalar'!B:B,A:A,'jami 1-20 kunlik arizalar'!S:S,"2") -> 0 | DF6: =COUNTIFS('jami 1-20 kunlik arizalar'!B:B,A:A,'jami 1-20 kunlik arizalar'!S:S,"3") -> 25 | DG6: =COUNTIFS('jami 1-20 kunlik arizalar'!B:B,A:A,'jami 1-20 kunlik arizalar'!S:S,"4") -> 9 | DH6: =COUNTIFS('jami 1-20 kunlik arizalar'!B:B,A:A,'jami 1-20 kunlik arizalar'!S:S,"5") -> 14 | DI6: =SUM(COUNTIFS('jami 1-20 kunlik arizalar'!B:B,A:A, 'jami 1-20 kunlik arizalar'!S:S, {6,7,8,9,10})) -> 87 | DJ6: =SUMPRODUCT(('jami 1-20 kunlik arizalar'!B:B=A6)*('jami 1-20 kunlik arizalar'!S:S>10)) -> 79
A7: 50709025980034 | C7: ABDUHAMIDXONOV MURODXON | D7: =+COUNTIFS('muddati otgan'!C:C,A7,'muddati otgan'!C:C,A7) -> 3 | E7: =SUMIFS('muddati otgan'!$V:V,'muddati otgan'!$C:C,$A:A) -> 0 | F7: =SUMIFS('muddati otgan'!$W:W,'muddati otgan'!$C:C,$A:A) -> 0 | G7: =SUMIFS('muddati otgan'!$U:U,'muddati otgan'!$C:C,$A:A) -> 3 | H7: =SUMIFS('muddati otgan'!$G:G,'muddati otgan'!$C:C,$A:A) -> 3 | I7: =SUMIFS('muddati otgan'!$H:H,'muddati otgan'!$C:C,$A:A) -> 0 | J7: =K7+P7+Q7+R7+S7+T7+U7+V7+W7+L7+O7+M7+N7+X7 -> 0 | K7: =+COUNTIFS('muddati otgan'!C:C,A7,'muddati otgan'!AA:AA,"Arizani qabul qilish") -> 0 | L7: =+COUNTIFS('muddati otgan'!C:C,A7,'muddati otgan'!J:J,"Arizani rad etish") -> 0 | M7: =+COUNTIFS('muddati otgan'!C:C,A7,'muddati otgan'!J:J,"Arizani tasdiqlash") -> 0 | N7: =+COUNTIFS('muddati otgan'!C:C,A7,'muddati otgan'!J:J,"Arizani yo'naltirish") -> 0 | O7: =+COUNTIFS('muddati otgan'!C:C,A7,'muddati otgan'!J:J,"Rad qilish sababini o'rganish") -> 0 | P7: =+COUNTIFS('muddati otgan'!C:C,A7,'muddati otgan'!J:J,"Ko'chmas mulkni UZKAD ga migratsiya qilish") -> 0 | Q7: =+COUNTIFS('muddati otgan'!C:C,A7,'muddati otgan'!J:J,"Migratisya qilingan obyekt holatini tekshirish") -> 0 | R7: =+COUNTIFS('muddati otgan'!C:C,A7,'muddati otgan'!J:J,"Ko‘chmas mulkni tanlash") -> 0 | S7: =+COUNTIFS('muddati otgan'!C:C,A7,'muddati otgan'!J:J,"Arizani ko'rib chiqish") -> 0 | T7: =+COUNTIFS('muddati otgan'!C:C,A7,'muddati otgan'!J:J,"Kadastr muhandisini tanlash") -> 0 | U7: =+COUNTIFS('muddati otgan'!C:C,A7,'muddati otgan'!J:J,"Ko'chmas mulk turini tanlahsh") -> 0 | V7: =+COUNTIFS('muddati otgan'!C:C,A7,'muddati otgan'!AA:AA,"Rad qilish") -> 0 | W7: =+COUNTIFS('muddati otgan'!C:C,A7,'muddati otgan'!J:J,"ijrochi tanlash") -> 0 | X7: =+COUNTIFS('muddati otgan'!C:C,A7,'muddati otgan'!J:J,"Ko'chmas mulk turini tanlash") -> 0 | Y7: =Z7+AD7+AF7+AE7+AC7+AB7+AA7 -> 0 | Z7: =+COUNTIFS('muddati otgan'!C:C,A7,'muddati otgan'!J:J,"Ijroga qabul qilish") -> 0 | AA7: =+COUNTIFS('muddati otgan'!C:C,A7,'muddati otgan'!J:J,"Joyida o'rganish va ma'lumotlarni kiritish") -> 0 | AB7: =+COUNTIFS('muddati otgan'!C:C,A7,'muddati otgan'!J:J,"Asosiy qismdan ajratish jarayonida") -> 0 | AC7: =+COUNTIFS('muddati otgan'!C:C,A7,'muddati otgan'!J:J,"Umumiy foydalanishdagi obyekt yaratilish") -> 0 | AD7: =+COUNTIFS('muddati otgan'!C:C,A7,'muddati otgan'!J:J,"Migratsiya qilinadigan kadastr raqamini kiritish") -> 0 | AE7: =+COUNTIFS('muddati otgan'!C:C,A7,'muddati otgan'!J:J,"O'zida qolgan obyektni yaratish") -> 0 | AF7: =+COUNTIFS('muddati otgan'!C:C,A7,'muddati otgan'!J:J,"O'lchov natijalarini kiritish") -> 0 | AG7: =+COUNTIFS('muddati otgan'!C:C,A7,'muddati otgan'!J:J,"Topoxaritani tayyorlash (dwg, pdf)") -> 0 | AH7: =AI7 -> 0 | AI7: =+COUNTIFS('muddati otgan'!C:C,A7,'muddati otgan'!J:J,"Yer uchastkasini yaratish") -> 0 | AJ7: =AK7 -> 0 | AK7: =+COUNTIFS('muddati otgan'!C:C,A7,'muddati otgan'!J:J,"Kelishish (Boshqarma)") -> 0 | AL7: =AM7+AN7+AO7 -> 0 | AM7: =+COUNTIFS('muddati otgan'!C:C,A7,'muddati otgan'!J:J,"Kelishish (DKP)") -> 0 | AN7: =+COUNTIFS('muddati otgan'!C:C,A7,'muddati otgan'!J:J,"Kelishish") -> 0 | AO7: =+COUNTIFS('muddati otgan'!C:C,A7,'muddati otgan'!J:J,"Kelishish (Registratsiya DKP)") -> 0 | AP7: =AQ7+AR7+AS7+AT7 -> 0 | AQ7: =+COUNTIFS('muddati otgan'!C:C,A7,'muddati otgan'!J:J,"Manzil biriktirish") -> 0 | AR7: =+COUNTIFS('muddati otgan'!C:C,A7,'muddati otgan'!J:J,"Bino va inshootlarni yaratish") -> 0 | AS7: =+COUNTIFS('muddati otgan'!C:C,A7,'muddati otgan'!J:J,"Dov daraxtlarni yaratish") -> 0 | AT7: =+COUNTIFS('muddati otgan'!C:C,A7,'muddati otgan'!J:J,"Yer uchastkasini tahrirlash") -> 0 | AU7: =AV7+AW7+AX7+AY7+AZ7 -> 0 | AV7: =+COUNTIFS('muddati otgan'!C:C,A7,'muddati otgan'!J:J,"Yer toifasi va maqsadini kiritish") -> 0 | AW7: =+COUNTIFS('muddati otgan'!C:C,A7,'muddati otgan'!J:J,"Auksion yer tekshirish") -> 0 | AX7: =+COUNTIFS('muddati otgan'!C:C,A7,'muddati otgan'!J:J,"Yer turlarini kiritish") -> 0 | AY7: =+COUNTIFS('muddati otgan'!C:C,A7,'muddati otgan'!J:J,"Ma'lumotlarni kiritish") -> 0 | AZ7: =+COUNTIFS('muddati otgan'!C:C,A7,'muddati otgan'!J:J,"Yer tekshirish") -> 0 | BA7: =BB7+BC7+BD7+BE7+BF7+BG7+BH7+BI7+BJ7+BK7 -> 0 | BB7: =+COUNTIFS('muddati otgan'!C:C,A7,'muddati otgan'!J:J,"Bino va inshoot ma'lumotlarini to‘ldirish") -> 0 | BC7: =+COUNTIFS('muddati otgan'!C:C,A7,'muddati otgan'!J:J,"Inventarizatsiya ma'lumotlarini to‘ldirish") -> 0 | BD7: =+COUNTIFS('muddati otgan'!C:C,A7,'muddati otgan'!J:J,"Yer uchastkasiga huquqiy hujjatlarni kiritsh") -> 0 | BE7: =+COUNTIFS('muddati otgan'!C:C,A7,'muddati otgan'!J:J,"Bino-inshootlarga huquqiy hujjatlarni kiritsh") -> 0 | BF7: =+COUNTIFS('muddati otgan'!C:C,A7,'muddati otgan'!J:J,"Kadastr qiymatini hisoblash va kiritish") -> 0 | BG7: =+COUNTIFS('muddati otgan'!C:C,A7,'muddati otgan'!J:J,"Kadastr raqam biriktirish") -> 0 | BH7: =+COUNTIFS('muddati otgan'!C:C,A7,'muddati otgan'!J:J,"Kadastr yig'ma jildni tayyorlash") -> 0 | BI7: =+COUNTIFS('muddati otgan'!C:C,A7,'muddati otgan'!J:J,"Huquqni yaratish") -> 0 | BJ7: =+COUNTIFS('muddati otgan'!C:C,A7,'muddati otgan'!J:J,"Hujjatlarni o'rganish") -> 0 | BK7: =+COUNTIFS('muddati otgan'!C:C,A7,'muddati otgan'!J:J,"Ma'lumotlarni tekshirish") -> 0 | BL7: =BM7+BN7+BP7+BO7+BQ7 -> 0 | BM7: =+COUNTIFS('muddati otgan'!C:C,A7,'muddati otgan'!J:J,"Tekshirish") -> 0 | BN7: =+COUNTIFS('muddati otgan'!C:C,A7,'muddati otgan'!J:J,"Hujjatlarni tekshirish") -> 0 | BO7: =+COUNTIFS('muddati otgan'!C:C,A7,'muddati otgan'!J:J,"Tasdiqlash") -> 0 | BP7: =+COUNTIFS('muddati otgan'!C:C,A7,'muddati otgan'!J:J,"tekshirish/tasdiqlash") -> 0 | BQ7: =+COUNTIFS('muddati otgan'!C:C,A7,'muddati otgan'!J:J,"Ma'lumotlarni tasdiqlash") -> 0 | BR7: =BS7+BU7+BV7+BW7+BX7+BY7-BT7 -> 1 | BS7: =+COUNTIFS('muddati otgan'!C:C,A7,'muddati otgan'!J:J,"Ro'yxatdan o'tkazish ma'lumotlarini tekshirish") -> 1 | BT7: =+COUNTIFS('muddati otgan'!C:C,A7,'muddati otgan'!J:J,"Kamchiliklar bo'yicha habarnoma yuborish va 3 kunga to'xtatish") -> 0 | BU7: =+COUNTIFS('muddati otgan'!C:C,A7,'muddati otgan'!J:J,"Hisobga olish") -> 0 | BV7: =+COUNTIFS('muddati otgan'!C:C,A7,'muddati otgan'!J:J,"Yer uchastkasiga huquq yaratish") -> 0 | BW7: =+COUNTIFS('muddati otgan'!C:C,A7,'muddati otgan'!J:J,"Bino-inshootga huquq yaratish") -> 0 | BX7: =+COUNTIFS('muddati otgan'!C:C,A7,'muddati otgan'!J:J,"Cheklov yaratish") -> 0 | BY7: =+COUNTIFS('muddati otgan'!C:C,A7,'muddati otgan'!J:J,"Taqiq yaratish") -> 0 | BZ7: =CA7 -> 0 | CA7: =+COUNTIFS('muddati otgan'!C:C,A7,'muddati otgan'!J:J,"Soliq maydonini tekshirish") -> 0 | CB7: =CC7 -> 0 | CC7: =+COUNTIFS('muddati otgan'!C:C,A7,'muddati otgan'!J:J,"Kadastr yig'majildini shakllantirish") -> 0 | CD7: =CE7+CF7+CG7+CI7+CJ7+CH7 -> 0 | CE7: =+COUNTIFS('muddati otgan'!C:C,A7,'muddati otgan'!J:J,"Kadastr passportini shakllantirish") -> 0 | CF7: =+COUNTIFS('muddati otgan'!C:C,A7,'muddati otgan'!J:J,"Yig'ma jildni tasdiqlash") -> 0 | CG7: =+COUNTIFS('muddati otgan'!C:C,A7,'muddati otgan'!J:J,"To'lov yoki bepul tasdiqlash") -> 0 | CH7: =+COUNTIFS('muddati otgan'!C:C,A7,'muddati otgan'!J:J,"Bog'liq arizani kutish") -> 0 | CI7: =+COUNTIFS('muddati otgan'!C:C,A7,'muddati otgan'!J:J,"To'lovga chiqarish") -> 0 | CJ7: =+COUNTIFS('muddati otgan'!C:C,A7,'muddati otgan'!J:J,"Hisobga qo'yish") -> 0 | CK7: =+COUNTIFS('muddati otgan'!C:C,A7,'muddati otgan'!J:J,"To'lov kutilmoqda") -> 2 | CL7: =CM7+CN7+CO7+CP7+CQ7+CR7+CS7+CT7 -> 0 | CM7: =+COUNTIFS('muddati otgan'!C:C,A7,'muddati otgan'!AA:AA,"Arizani qabul qilish2") -> 0 | CN7: =+COUNTIFS('muddati otgan'!C:C,A7,'muddati otgan'!J:J,"Huquqlarni tekshirish") -> 0 | CO7: =+COUNTIFS('muddati otgan'!C:C,A7,'muddati otgan'!J:J,"Ko'chmas mulkni ro'yhatdan o'tkazishga qabul qilish") -> 0 | CP7: =+COUNTIFS('muddati otgan'!C:C,A7,'muddati otgan'!J:J,"Ro'yxatdan o'tkazish") -> 0 | CQ7: =+COUNTIFS('muddati otgan'!C:C,A7,'muddati otgan'!J:J,"Kadastr pasporti va ko'chirmani yuborish") -> 0 | CR7: =+COUNTIFS('muddati otgan'!C:C,A7,'muddati otgan'!AA:AA,"Rad qilish2") -> 0 | CS7: =+COUNTIFS('muddati otgan'!C:C,A7,'muddati otgan'!J:J,"Ko'chirmani yuborish") -> 0 | CT7: =+COUNTIFS('muddati otgan'!C:C,A7,'muddati otgan'!J:J,"Ma‘lumotlarni tekshirish") -> 0 | CU7: =CV7 -> 0 | CV7: =+COUNTIFS('muddati otgan'!C:C,A7,'muddati otgan'!J:J,"Kadastr yig'majildini chop etish va arxiv ishiga tikish") -> 0 | CW7: =CX7+CY7 -> 0 | CX7: =+COUNTIFS('muddati otgan'!C:C,A7,'muddati otgan'!J:J,"Kadastr yig‘majildini qabul qilish, arizani yakunlash") -> 0 | CY7: =+COUNTIFS('muddati otgan'!C:C,A7,'muddati otgan'!J:J,"Next Cloudga yuklash") -> 0 | CZ7: =+COUNTIFS('muddati otgan'!C:C,A7,'muddati otgan'!J:J,"Kelishish kutilmoqda") -> 0 | DA7: =+COUNTIFS('muddati otgan'!C:C,A7,'muddati otgan'!J:J,"Yakunlandi") -> 0 | DB7: =+COUNTIFS('muddati otgan'!C:C,A7,'muddati otgan'!J:J,"Rad etildi") -> 0 | DC7: =CK7+CZ7+DA7+DB7-D7 -> -1 | DD7: =COUNTIFS('jami 1-20 kunlik arizalar'!C:C,A:A,'jami 1-20 kunlik arizalar'!S:S,"1") -> 0 | DE7: =COUNTIFS('jami 1-20 kunlik arizalar'!C:C,A:A,'jami 1-20 kunlik arizalar'!S:S,"2") -> 0 | DF7: =COUNTIFS('jami 1-20 kunlik arizalar'!C:C,A:A,'jami 1-20 kunlik arizalar'!S:S,"3") -> 2 | DG7: =COUNTIFS('jami 1-20 kunlik arizalar'!C:C,A:A,'jami 1-20 kunlik arizalar'!S:S,"4") -> 0 | DH7: =COUNTIFS('jami 1-20 kunlik arizalar'!C:C,A:A,'jami 1-20 kunlik arizalar'!S:S,"5") -> 1 | DI7: =SUM(COUNTIFS('jami 1-20 kunlik arizalar'!C:C,A:A, 'jami 1-20 kunlik arizalar'!S:S, {6,7,8,9,10})) -> 12 | DJ7: =SUM(COUNTIFS('jami 1-20 kunlik arizalar'!C:C,A:A, 'jami 1-20 kunlik arizalar'!S:S,">10")) -> 8
A8: 31207812190095 | C8: ABDURAXMONOV OTABEK | D8: =+COUNTIFS('muddati otgan'!C:C,A8,'muddati otgan'!C:C,A8) -> 0 | E8: =SUMIFS('muddati otgan'!$V:V,'muddati otgan'!$C:C,$A:A) -> 0 | F8: =SUMIFS('muddati otgan'!$W:W,'muddati otgan'!$C:C,$A:A) -> 0 | G8: =SUMIFS('muddati otgan'!$U:U,'muddati otgan'!$C:C,$A:A) -> 0 | H8: =SUMIFS('muddati otgan'!$G:G,'muddati otgan'!$C:C,$A:A) -> 0 | I8: =SUMIFS('muddati otgan'!$H:H,'muddati otgan'!$C:C,$A:A) -> 0 | J8: =K8+P8+Q8+R8+S8+T8+U8+V8+W8+L8+O8+M8+N8+X8 -> 0 | K8: =+COUNTIFS('muddati otgan'!C:C,A8,'muddati otgan'!AA:AA,"Arizani qabul qilish") -> 0 | L8: =+COUNTIFS('muddati otgan'!C:C,A8,'muddati otgan'!J:J,"Arizani rad etish") -> 0 | M8: =+COUNTIFS('muddati otgan'!C:C,A8,'muddati otgan'!J:J,"Arizani tasdiqlash") -> 0 | N8: =+COUNTIFS('muddati otgan'!C:C,A8,'muddati otgan'!J:J,"Arizani yo'naltirish") -> 0 | O8: =+COUNTIFS('muddati otgan'!C:C,A8,'muddati otgan'!J:J,"Rad qilish sababini o'rganish") -> 0 | P8: =+COUNTIFS('muddati otgan'!C:C,A8,'muddati otgan'!J:J,"Ko'chmas mulkni UZKAD ga migratsiya qilish") -> 0 | Q8: =+COUNTIFS('muddati otgan'!C:C,A8,'muddati otgan'!J:J,"Migratisya qilingan obyekt holatini tekshirish") -> 0 | R8: =+COUNTIFS('muddati otgan'!C:C,A8,'muddati otgan'!J:J,"Ko‘chmas mulkni tanlash") -> 0 | S8: =+COUNTIFS('muddati otgan'!C:C,A8,'muddati otgan'!J:J,"Arizani ko'rib chiqish") -> 0 | T8: =+COUNTIFS('muddati otgan'!C:C,A8,'muddati otgan'!J:J,"Kadastr muhandisini tanlash") -> 0 | U8: =+COUNTIFS('muddati otgan'!C:C,A8,'muddati otgan'!J:J,"Ko'chmas mulk turini tanlahsh") -> 0 | V8: =+COUNTIFS('muddati otgan'!C:C,A8,'muddati otgan'!AA:AA,"Rad qilish") -> 0 | W8: =+COUNTIFS('muddati otgan'!C:C,A8,'muddati otgan'!J:J,"ijrochi tanlash") -> 0 | X8: =+COUNTIFS('muddati otgan'!C:C,A8,'muddati otgan'!J:J,"Ko'chmas mulk turini tanlash") -> 0 | Y8: =Z8+AD8+AF8+AE8+AC8+AB8+AA8 -> 0 | Z8: =+COUNTIFS('muddati otgan'!C:C,A8,'muddati otgan'!J:J,"Ijroga qabul qilish") -> 0 | AA8: =+COUNTIFS('muddati otgan'!C:C,A8,'muddati otgan'!J:J,"Joyida o'rganish va ma'lumotlarni kiritish") -> 0 | AB8: =+COUNTIFS('muddati otgan'!C:C,A8,'muddati otgan'!J:J,"Asosiy qismdan ajratish jarayonida") -> 0 | AC8: =+COUNTIFS('muddati otgan'!C:C,A8,'muddati otgan'!J:J,"Umumiy foydalanishdagi obyekt yaratilish") -> 0 | AD8: =+COUNTIFS('muddati otgan'!C:C,A8,'muddati otgan'!J:J,"Migratsiya qilinadigan kadastr raqamini kiritish") -> 0 | AE8: =+COUNTIFS('muddati otgan'!C:C,A8,'muddati otgan'!J:J,"O'zida qolgan obyektni yaratish") -> 0 | AF8: =+COUNTIFS('muddati otgan'!C:C,A8,'muddati otgan'!J:J,"O'lchov natijalarini kiritish") -> 0 | AG8: =+COUNTIFS('muddati otgan'!C:C,A8,'muddati otgan'!J:J,"Topoxaritani tayyorlash (dwg, pdf)") -> 0 | AH8: =AI8 -> 0 | AI8: =+COUNTIFS('muddati otgan'!C:C,A8,'muddati otgan'!J:J,"Yer uchastkasini yaratish") -> 0 | AJ8: =AK8 -> 0 | AK8: =+COUNTIFS('muddati otgan'!C:C,A8,'muddati otgan'!J:J,"Kelishish (Boshqarma)") -> 0 | AL8: =AM8+AN8+AO8 -> 0 | AM8: =+COUNTIFS('muddati otgan'!C:C,A8,'muddati otgan'!J:J,"Kelishish (DKP)") -> 0 | AN8: =+COUNTIFS('muddati otgan'!C:C,A8,'muddati otgan'!J:J,"Kelishish") -> 0 | AO8: =+COUNTIFS('muddati otgan'!C:C,A8,'muddati otgan'!J:J,"Kelishish (Registratsiya DKP)") -> 0 | AP8: =AQ8+AR8+AS8+AT8 -> 0 | AQ8: =+COUNTIFS('muddati otgan'!C:C,A8,'muddati otgan'!J:J,"Manzil biriktirish") -> 0 | AR8: =+COUNTIFS('muddati otgan'!C:C,A8,'muddati otgan'!J:J,"Bino va inshootlarni yaratish") -> 0 | AS8: =+COUNTIFS('muddati otgan'!C:C,A8,'muddati otgan'!J:J,"Dov daraxtlarni yaratish") -> 0 | AT8: =+COUNTIFS('muddati otgan'!C:C,A8,'muddati otgan'!J:J,"Yer uchastkasini tahrirlash") -> 0 | AU8: =AV8+AW8+AX8+AY8+AZ8 -> 0 | AV8: =+COUNTIFS('muddati otgan'!C:C,A8,'muddati otgan'!J:J,"Yer toifasi va maqsadini kiritish") -> 0 | AW8: =+COUNTIFS('muddati otgan'!C:C,A8,'muddati otgan'!J:J,"Auksion yer tekshirish") -> 0 | AX8: =+COUNTIFS('muddati otgan'!C:C,A8,'muddati otgan'!J:J,"Yer turlarini kiritish") -> 0 | AY8: =+COUNTIFS('muddati otgan'!C:C,A8,'muddati otgan'!J:J,"Ma'lumotlarni kiritish") -> 0 | AZ8: =+COUNTIFS('muddati otgan'!C:C,A8,'muddati otgan'!J:J,"Yer tekshirish") -> 0 | BA8: =BB8+BC8+BD8+BE8+BF8+BG8+BH8+BI8+BJ8+BK8 -> 0 | BB8: =+COUNTIFS('muddati otgan'!C:C,A8,'muddati otgan'!J:J,"Bino va inshoot ma'lumotlarini to‘ldirish") -> 0 | BC8: =+COUNTIFS('muddati otgan'!C:C,A8,'muddati otgan'!J:J,"Inventarizatsiya ma'lumotlarini to‘ldirish") -> 0 | BD8: =+COUNTIFS('muddati otgan'!C:C,A8,'muddati otgan'!J:J,"Yer uchastkasiga huquqiy hujjatlarni kiritsh") -> 0 | BE8: =+COUNTIFS('muddati otgan'!C:C,A8,'muddati otgan'!J:J,"Bino-inshootlarga huquqiy hujjatlarni kiritsh") -> 0 | BF8: =+COUNTIFS('muddati otgan'!C:C,A8,'muddati otgan'!J:J,"Kadastr qiymatini hisoblash va kiritish") -> 0 | BG8: =+COUNTIFS('muddati otgan'!C:C,A8,'muddati otgan'!J:J,"Kadastr raqam biriktirish") -> 0 | BH8: =+COUNTIFS('muddati otgan'!C:C,A8,'muddati otgan'!J:J,"Kadastr yig'ma jildni tayyorlash") -> 0 | BI8: =+COUNTIFS('muddati otgan'!C:C,A8,'muddati otgan'!J:J,"Huquqni yaratish") -> 0 | BJ8: =+COUNTIFS('muddati otgan'!C:C,A8,'muddati otgan'!J:J,"Hujjatlarni o'rganish") -> 0 | BK8: =+COUNTIFS('muddati otgan'!C:C,A8,'muddati otgan'!J:J,"Ma'lumotlarni tekshirish") -> 0 | BL8: =BM8+BN8+BP8+BO8+BQ8 -> 0 | BM8: =+COUNTIFS('muddati otgan'!C:C,A8,'muddati otgan'!J:J,"Tekshirish") -> 0 | BN8: =+COUNTIFS('muddati otgan'!C:C,A8,'muddati otgan'!J:J,"Hujjatlarni tekshirish") -> 0 | BO8: =+COUNTIFS('muddati otgan'!C:C,A8,'muddati otgan'!J:J,"Tasdiqlash") -> 0 | BP8: =+COUNTIFS('muddati otgan'!C:C,A8,'muddati otgan'!J:J,"tekshirish/tasdiqlash") -> 0 | BQ8: =+COUNTIFS('muddati otgan'!C:C,A8,'muddati otgan'!J:J,"Ma'lumotlarni tasdiqlash") -> 0 | BR8: =BS8+BU8+BV8+BW8+BX8+BY8-BT8 -> 0 | BS8: =+COUNTIFS('muddati otgan'!C:C,A8,'muddati otgan'!J:J,"Ro'yxatdan o'tkazish ma'lumotlarini tekshirish") -> 0 | BT8: =+COUNTIFS('muddati otgan'!C:C,A8,'muddati otgan'!J:J,"Kamchiliklar bo'yicha habarnoma yuborish va 3 kunga to'xtatish") -> 0 | BU8: =+COUNTIFS('muddati otgan'!C:C,A8,'muddati otgan'!J:J,"Hisobga olish") -> 0 | BV8: =+COUNTIFS('muddati otgan'!C:C,A8,'muddati otgan'!J:J,"Yer uchastkasiga huquq yaratish") -> 0 | BW8: =+COUNTIFS('muddati otgan'!C:C,A8,'muddati otgan'!J:J,"Bino-inshootga huquq yaratish") -> 0 | BX8: =+COUNTIFS('muddati otgan'!C:C,A8,'muddati otgan'!J:J,"Cheklov yaratish") -> 0 | BY8: =+COUNTIFS('muddati otgan'!C:C,A8,'muddati otgan'!J:J,"Taqiq yaratish") -> 0 | BZ8: =CA8 -> 0 | CA8: =+COUNTIFS('muddati otgan'!C:C,A8,'muddati otgan'!J:J,"Soliq maydonini tekshirish") -> 0 | CB8: =CC8 -> 0 | CC8: =+COUNTIFS('muddati otgan'!C:C,A8,'muddati otgan'!J:J,"Kadastr yig'majildini shakllantirish") -> 0 | CD8: =CE8+CF8+CG8+CI8+CJ8+CH8 -> 0 | CE8: =+COUNTIFS('muddati otgan'!C:C,A8,'muddati otgan'!J:J,"Kadastr passportini shakllantirish") -> 0 | CF8: =+COUNTIFS('muddati otgan'!C:C,A8,'muddati otgan'!J:J,"Yig'ma jildni tasdiqlash") -> 0 | CG8: =+COUNTIFS('muddati otgan'!C:C,A8,'muddati otgan'!J:J,"To'lov yoki bepul tasdiqlash") -> 0 | CH8: =+COUNTIFS('muddati otgan'!C:C,A8,'muddati otgan'!J:J,"Bog'liq arizani kutish") -> 0 | CI8: =+COUNTIFS('muddati otgan'!C:C,A8,'muddati otgan'!J:J,"To'lovga chiqarish") -> 0 | CJ8: =+COUNTIFS('muddati otgan'!C:C,A8,'muddati otgan'!J:J,"Hisobga qo'yish") -> 0 | CK8: =+COUNTIFS('muddati otgan'!C:C,A8,'muddati otgan'!J:J,"To'lov kutilmoqda") -> 0 | CL8: =CM8+CN8+CO8+CP8+CQ8+CR8+CS8+CT8 -> 0 | CM8: =+COUNTIFS('muddati otgan'!C:C,A8,'muddati otgan'!AA:AA,"Arizani qabul qilish2") -> 0 | CN8: =+COUNTIFS('muddati otgan'!C:C,A8,'muddati otgan'!J:J,"Huquqlarni tekshirish") -> 0 | CO8: =+COUNTIFS('muddati otgan'!C:C,A8,'muddati otgan'!J:J,"Ko'chmas mulkni ro'yhatdan o'tkazishga qabul qilish") -> 0 | CP8: =+COUNTIFS('muddati otgan'!C:C,A8,'muddati otgan'!J:J,"Ro'yxatdan o'tkazish") -> 0 | CQ8: =+COUNTIFS('muddati otgan'!C:C,A8,'muddati otgan'!J:J,"Kadastr pasporti va ko'chirmani yuborish") -> 0 | CR8: =+COUNTIFS('muddati otgan'!C:C,A8,'muddati otgan'!AA:AA,"Rad qilish2") -> 0 | CS8: =+COUNTIFS('muddati otgan'!C:C,A8,'muddati otgan'!J:J,"Ko'chirmani yuborish") -> 0 | CT8: =+COUNTIFS('muddati otgan'!C:C,A8,'muddati otgan'!J:J,"Ma‘lumotlarni tekshirish") -> 0 | CU8: =CV8 -> 0 | CV8: =+COUNTIFS('muddati otgan'!C:C,A8,'muddati otgan'!J:J,"Kadastr yig'majildini chop etish va arxiv ishiga tikish") -> 0 | CW8: =CX8+CY8 -> 0 | CX8: =+COUNTIFS('muddati otgan'!C:C,A8,'muddati otgan'!J:J,"Kadastr yig‘majildini qabul qilish, arizani yakunlash") -> 0 | CY8: =+COUNTIFS('muddati otgan'!C:C,A8,'muddati otgan'!J:J,"Next Cloudga yuklash") -> 0 | CZ8: =+COUNTIFS('muddati otgan'!C:C,A8,'muddati otgan'!J:J,"Kelishish kutilmoqda") -> 0 | DA8: =+COUNTIFS('muddati otgan'!C:C,A8,'muddati otgan'!J:J,"Yakunlandi") -> 0 | DB8: =+COUNTIFS('muddati otgan'!C:C,A8,'muddati otgan'!J:J,"Rad etildi") -> 0 | DC8: =CK8+CZ8+DA8+DB8-D8 -> 0 | DD8: =COUNTIFS('jami 1-20 kunlik arizalar'!C:C,A:A,'jami 1-20 kunlik arizalar'!S:S,"1") -> 0 | DE8: =COUNTIFS('jami 1-20 kunlik arizalar'!C:C,A:A,'jami 1-20 kunlik arizalar'!S:S,"2") -> 0 | DF8: =COUNTIFS('jami 1-20 kunlik arizalar'!C:C,A:A,'jami 1-20 kunlik arizalar'!S:S,"3") -> 0 | DG8: =COUNTIFS('jami 1-20 kunlik arizalar'!C:C,A:A,'jami 1-20 kunlik arizalar'!S:S,"4") -> 0 | DH8: =COUNTIFS('jami 1-20 kunlik arizalar'!C:C,A:A,'jami 1-20 kunlik arizalar'!S:S,"5") -> 0 | DI8: =SUM(COUNTIFS('jami 1-20 kunlik arizalar'!C:C,A:A, 'jami 1-20 kunlik arizalar'!S:S, {6,7,8,9,10})) -> 0 | DJ8: =SUM(COUNTIFS('jami 1-20 kunlik arizalar'!C:C,A:A, 'jami 1-20 kunlik arizalar'!S:S,">10")) -> 0
A9: 31611995980026 | C9: AHADXONOV HUSANXON | D9: =+COUNTIFS('muddati otgan'!C:C,A9,'muddati otgan'!C:C,A9) -> 4 | E9: =SUMIFS('muddati otgan'!$V:V,'muddati otgan'!$C:C,$A:A) -> 0 | F9: =SUMIFS('muddati otgan'!$W:W,'muddati otgan'!$C:C,$A:A) -> 0 | G9: =SUMIFS('muddati otgan'!$U:U,'muddati otgan'!$C:C,$A:A) -> 4 | H9: =SUMIFS('muddati otgan'!$G:G,'muddati otgan'!$C:C,$A:A) -> 2 | I9: =SUMIFS('muddati otgan'!$H:H,'muddati otgan'!$C:C,$A:A) -> 2 | J9: =K9+P9+Q9+R9+S9+T9+U9+V9+W9+L9+O9+M9+N9+X9 -> 0 | K9: =+COUNTIFS('muddati otgan'!C:C,A9,'muddati otgan'!AA:AA,"Arizani qabul qilish") -> 0 | L9: =+COUNTIFS('muddati otgan'!C:C,A9,'muddati otgan'!J:J,"Arizani rad etish") -> 0 | M9: =+COUNTIFS('muddati otgan'!C:C,A9,'muddati otgan'!J:J,"Arizani tasdiqlash") -> 0 | N9: =+COUNTIFS('muddati otgan'!C:C,A9,'muddati otgan'!J:J,"Arizani yo'naltirish") -> 0 | O9: =+COUNTIFS('muddati otgan'!C:C,A9,'muddati otgan'!J:J,"Rad qilish sababini o'rganish") -> 0 | P9: =+COUNTIFS('muddati otgan'!C:C,A9,'muddati otgan'!J:J,"Ko'chmas mulkni UZKAD ga migratsiya qilish") -> 0 | Q9: =+COUNTIFS('muddati otgan'!C:C,A9,'muddati otgan'!J:J,"Migratisya qilingan obyekt holatini tekshirish") -> 0 | R9: =+COUNTIFS('muddati otgan'!C:C,A9,'muddati otgan'!J:J,"Ko‘chmas mulkni tanlash") -> 0 | S9: =+COUNTIFS('muddati otgan'!C:C,A9,'muddati otgan'!J:J,"Arizani ko'rib chiqish") -> 0 | T9: =+COUNTIFS('muddati otgan'!C:C,A9,'muddati otgan'!J:J,"Kadastr muhandisini tanlash") -> 0 | U9: =+COUNTIFS('muddati otgan'!C:C,A9,'muddati otgan'!J:J,"Ko'chmas mulk turini tanlahsh") -> 0 | V9: =+COUNTIFS('muddati otgan'!C:C,A9,'muddati otgan'!AA:AA,"Rad qilish") -> 0 | W9: =+COUNTIFS('muddati otgan'!C:C,A9,'muddati otgan'!J:J,"ijrochi tanlash") -> 0 | X9: =+COUNTIFS('muddati otgan'!C:C,A9,'muddati otgan'!J:J,"Ko'chmas mulk turini tanlash") -> 0 | Y9: =Z9+AD9+AF9+AE9+AC9+AB9+AA9 -> 0 | Z9: =+COUNTIFS('muddati otgan'!C:C,A9,'muddati otgan'!J:J,"Ijroga qabul qilish") -> 0 | AA9: =+COUNTIFS('muddati otgan'!C:C,A9,'muddati otgan'!J:J,"Joyida o'rganish va ma'lumotlarni kiritish") -> 0 | AB9: =+COUNTIFS('muddati otgan'!C:C,A9,'muddati otgan'!J:J,"Asosiy qismdan ajratish jarayonida") -> 0 | AC9: =+COUNTIFS('muddati otgan'!C:C,A9,'muddati otgan'!J:J,"Umumiy foydalanishdagi obyekt yaratilish") -> 0 | AD9: =+COUNTIFS('muddati otgan'!C:C,A9,'muddati otgan'!J:J,"Migratsiya qilinadigan kadastr raqamini kiritish") -> 0 | AE9: =+COUNTIFS('muddati otgan'!C:C,A9,'muddati otgan'!J:J,"O'zida qolgan obyektni yaratish") -> 0 | AF9: =+COUNTIFS('muddati otgan'!C:C,A9,'muddati otgan'!J:J,"O'lchov natijalarini kiritish") -> 0 | AG9: =+COUNTIFS('muddati otgan'!C:C,A9,'muddati otgan'!J:J,"Topoxaritani tayyorlash (dwg, pdf)") -> 0 | AH9: =AI9 -> 0 | AI9: =+COUNTIFS('muddati otgan'!C:C,A9,'muddati otgan'!J:J,"Yer uchastkasini yaratish") -> 0 | AJ9: =AK9 -> 0 | AK9: =+COUNTIFS('muddati otgan'!C:C,A9,'muddati otgan'!J:J,"Kelishish (Boshqarma)") -> 0 | AL9: =AM9+AN9+AO9 -> 0 | AM9: =+COUNTIFS('muddati otgan'!C:C,A9,'muddati otgan'!J:J,"Kelishish (DKP)") -> 0 | AN9: =+COUNTIFS('muddati otgan'!C:C,A9,'muddati otgan'!J:J,"Kelishish") -> 0 | AO9: =+COUNTIFS('muddati otgan'!C:C,A9,'muddati otgan'!J:J,"Kelishish (Registratsiya DKP)") -> 0 | AP9: =AQ9+AR9+AS9+AT9 -> 0 | AQ9: =+COUNTIFS('muddati otgan'!C:C,A9,'muddati otgan'!J:J,"Manzil biriktirish") -> 0 | AR9: =+COUNTIFS('muddati otgan'!C:C,A9,'muddati otgan'!J:J,"Bino va inshootlarni yaratish") -> 0 | AS9: =+COUNTIFS('muddati otgan'!C:C,A9,'muddati otgan'!J:J,"Dov daraxtlarni yaratish") -> 0 | AT9: =+COUNTIFS('muddati otgan'!C:C,A9,'muddati otgan'!J:J,"Yer uchastkasini tahrirlash") -> 0 | AU9: =AV9+AW9+AX9+AY9+AZ9 -> 0 | AV9: =+COUNTIFS('muddati otgan'!C:C,A9,'muddati otgan'!J:J,"Yer toifasi va maqsadini kiritish") -> 0 | AW9: =+COUNTIFS('muddati otgan'!C:C,A9,'muddati otgan'!J:J,"Auksion yer tekshirish") -> 0 | AX9: =+COUNTIFS('muddati otgan'!C:C,A9,'muddati otgan'!J:J,"Yer turlarini kiritish") -> 0 | AY9: =+COUNTIFS('muddati otgan'!C:C,A9,'muddati otgan'!J:J,"Ma'lumotlarni kiritish") -> 0 | AZ9: =+COUNTIFS('muddati otgan'!C:C,A9,'muddati otgan'!J:J,"Yer tekshirish") -> 0 | BA9: =BB9+BC9+BD9+BE9+BF9+BG9+BH9+BI9+BJ9+BK9 -> 0 | BB9: =+COUNTIFS('muddati otgan'!C:C,A9,'muddati otgan'!J:J,"Bino va inshoot ma'lumotlarini to‘ldirish") -> 0 | BC9: =+COUNTIFS('muddati otgan'!C:C,A9,'muddati otgan'!J:J,"Inventarizatsiya ma'lumotlarini to‘ldirish") -> 0 | BD9: =+COUNTIFS('muddati otgan'!C:C,A9,'muddati otgan'!J:J,"Yer uchastkasiga huquqiy hujjatlarni kiritsh") -> 0 | BE9: =+COUNTIFS('muddati otgan'!C:C,A9,'muddati otgan'!J:J,"Bino-inshootlarga huquqiy hujjatlarni kiritsh") -> 0 | BF9: =+COUNTIFS('muddati otgan'!C:C,A9,'muddati otgan'!J:J,"Kadastr qiymatini hisoblash va kiritish") -> 0 | BG9: =+COUNTIFS('muddati otgan'!C:C,A9,'muddati otgan'!J:J,"Kadastr raqam biriktirish") -> 0 | BH9: =+COUNTIFS('muddati otgan'!C:C,A9,'muddati otgan'!J:J,"Kadastr yig'ma jildni tayyorlash") -> 0 | BI9: =+COUNTIFS('muddati otgan'!C:C,A9,'muddati otgan'!J:J,"Huquqni yaratish") -> 0 | BJ9: =+COUNTIFS('muddati otgan'!C:C,A9,'muddati otgan'!J:J,"Hujjatlarni o'rganish") -> 0 | BK9: =+COUNTIFS('muddati otgan'!C:C,A9,'muddati otgan'!J:J,"Ma'lumotlarni tekshirish") -> 0 | BL9: =BM9+BN9+BP9+BO9+BQ9 -> 0 | BM9: =+COUNTIFS('muddati otgan'!C:C,A9,'muddati otgan'!J:J,"Tekshirish") -> 0 | BN9: =+COUNTIFS('muddati otgan'!C:C,A9,'muddati otgan'!J:J,"Hujjatlarni tekshirish") -> 0 | BO9: =+COUNTIFS('muddati otgan'!C:C,A9,'muddati otgan'!J:J,"Tasdiqlash") -> 0 | BP9: =+COUNTIFS('muddati otgan'!C:C,A9,'muddati otgan'!J:J,"tekshirish/tasdiqlash") -> 0 | BQ9: =+COUNTIFS('muddati otgan'!C:C,A9,'muddati otgan'!J:J,"Ma'lumotlarni tasdiqlash") -> 0 | BR9: =BS9+BU9+BV9+BW9+BX9+BY9-BT9 -> 0 | BS9: =+COUNTIFS('muddati otgan'!C:C,A9,'muddati otgan'!J:J,"Ro'yxatdan o'tkazish ma'lumotlarini tekshirish") -> 0 | BT9: =+COUNTIFS('muddati otgan'!C:C,A9,'muddati otgan'!J:J,"Kamchiliklar bo'yicha habarnoma yuborish va 3 kunga to'xtatish") -> 0 | BU9: =+COUNTIFS('muddati otgan'!C:C,A9,'muddati otgan'!J:J,"Hisobga olish") -> 0 | BV9: =+COUNTIFS('muddati otgan'!C:C,A9,'muddati otgan'!J:J,"Yer uchastkasiga huquq yaratish") -> 0 | BW9: =+COUNTIFS('muddati otgan'!C:C,A9,'muddati otgan'!J:J,"Bino-inshootga huquq yaratish") -> 0 | BX9: =+COUNTIFS('muddati otgan'!C:C,A9,'muddati otgan'!J:J,"Cheklov yaratish") -> 0 | BY9: =+COUNTIFS('muddati otgan'!C:C,A9,'muddati otgan'!J:J,"Taqiq yaratish") -> 0 | BZ9: =CA9 -> 0 | CA9: =+COUNTIFS('muddati otgan'!C:C,A9,'muddati otgan'!J:J,"Soliq maydonini tekshirish") -> 0 | CB9: =CC9 -> 0 | CC9: =+COUNTIFS('muddati otgan'!C:C,A9,'muddati otgan'!J:J,"Kadastr yig'majildini shakllantirish") -> 0 | CD9: =CE9+CF9+CG9+CI9+CJ9+CH9 -> 0 | CE9: =+COUNTIFS('muddati otgan'!C:C,A9,'muddati otgan'!J:J,"Kadastr passportini shakllantirish") -> 0 | CF9: =+COUNTIFS('muddati otgan'!C:C,A9,'muddati otgan'!J:J,"Yig'ma jildni tasdiqlash") -> 0 | CG9: =+COUNTIFS('muddati otgan'!C:C,A9,'muddati otgan'!J:J,"To'lov yoki bepul tasdiqlash") -> 0 | CH9: =+COUNTIFS('muddati otgan'!C:C,A9,'muddati otgan'!J:J,"Bog'liq arizani kutish") -> 0 | CI9: =+COUNTIFS('muddati otgan'!C:C,A9,'muddati otgan'!J:J,"To'lovga chiqarish") -> 0 | CJ9: =+COUNTIFS('muddati otgan'!C:C,A9,'muddati otgan'!J:J,"Hisobga qo'yish") -> 0 | CK9: =+COUNTIFS('muddati otgan'!C:C,A9,'muddati otgan'!J:J,"To'lov kutilmoqda") -> 3 | CL9: =CM9+CN9+CO9+CP9+CQ9+CR9+CS9+CT9 -> 0 | CM9: =+COUNTIFS('muddati otgan'!C:C,A9,'muddati otgan'!AA:AA,"Arizani qabul qilish2") -> 0 | CN9: =+COUNTIFS('muddati otgan'!C:C,A9,'muddati otgan'!J:J,"Huquqlarni tekshirish") -> 0 | CO9: =+COUNTIFS('muddati otgan'!C:C,A9,'muddati otgan'!J:J,"Ko'chmas mulkni ro'yhatdan o'tkazishga qabul qilish") -> 0 | CP9: =+COUNTIFS('muddati otgan'!C:C,A9,'muddati otgan'!J:J,"Ro'yxatdan o'tkazish") -> 0 | CQ9: =+COUNTIFS('muddati otgan'!C:C,A9,'muddati otgan'!J:J,"Kadastr pasporti va ko'chirmani yuborish") -> 0 | CR9: =+COUNTIFS('muddati otgan'!C:C,A9,'muddati otgan'!AA:AA,"Rad qilish2") -> 0 | CS9: =+COUNTIFS('muddati otgan'!C:C,A9,'muddati otgan'!J:J,"Ko'chirmani yuborish") -> 0 | CT9: =+COUNTIFS('muddati otgan'!C:C,A9,'muddati otgan'!J:J,"Ma‘lumotlarni tekshirish") -> 0 | CU9: =CV9 -> 0 | CV9: =+COUNTIFS('muddati otgan'!C:C,A9,'muddati otgan'!J:J,"Kadastr yig'majildini chop etish va arxiv ishiga tikish") -> 0 | CW9: =CX9+CY9 -> 0 | CX9: =+COUNTIFS('muddati otgan'!C:C,A9,'muddati otgan'!J:J,"Kadastr yig‘majildini qabul qilish, arizani yakunlash") -> 0 | CY9: =+COUNTIFS('muddati otgan'!C:C,A9,'muddati otgan'!J:J,"Next Cloudga yuklash") -> 0 | CZ9: =+COUNTIFS('muddati otgan'!C:C,A9,'muddati otgan'!J:J,"Kelishish kutilmoqda") -> 0 | DA9: =+COUNTIFS('muddati otgan'!C:C,A9,'muddati otgan'!J:J,"Yakunlandi") -> 1 | DB9: =+COUNTIFS('muddati otgan'!C:C,A9,'muddati otgan'!J:J,"Rad etildi") -> 0 | DC9: =CK9+CZ9+DA9+DB9-D9 -> 0 | DD9: =COUNTIFS('jami 1-20 kunlik arizalar'!C:C,A:A,'jami 1-20 kunlik arizalar'!S:S,"1") -> 0 | DE9: =COUNTIFS('jami 1-20 kunlik arizalar'!C:C,A:A,'jami 1-20 kunlik arizalar'!S:S,"2") -> 0 | DF9: =COUNTIFS('jami 1-20 kunlik arizalar'!C:C,A:A,'jami 1-20 kunlik arizalar'!S:S,"3") -> 5 | DG9: =COUNTIFS('jami 1-20 kunlik arizalar'!C:C,A:A,'jami 1-20 kunlik arizalar'!S:S,"4") -> 0 | DH9: =COUNTIFS('jami 1-20 kunlik arizalar'!C:C,A:A,'jami 1-20 kunlik arizalar'!S:S,"5") -> 3 | DI9: =SUM(COUNTIFS('jami 1-20 kunlik arizalar'!C:C,A:A, 'jami 1-20 kunlik arizalar'!S:S, {6,7,8,9,10})) -> 8 | DJ9: =SUM(COUNTIFS('jami 1-20 kunlik arizalar'!C:C,A:A, 'jami 1-20 kunlik arizalar'!S:S,">10")) -> 8
A10: 32910975980025 | C10: ASHRABOV NIZOMJON | D10: =+COUNTIFS('muddati otgan'!C:C,A10,'muddati otgan'!C:C,A10) -> 3 | E10: =SUMIFS('muddati otgan'!$V:V,'muddati otgan'!$C:C,$A:A) -> 0 | F10: =SUMIFS('muddati otgan'!$W:W,'muddati otgan'!$C:C,$A:A) -> 0 | G10: =SUMIFS('muddati otgan'!$U:U,'muddati otgan'!$C:C,$A:A) -> 3 | H10: =SUMIFS('muddati otgan'!$G:G,'muddati otgan'!$C:C,$A:A) -> 1 | I10: =SUMIFS('muddati otgan'!$H:H,'muddati otgan'!$C:C,$A:A) -> 2 | J10: =K10+P10+Q10+R10+S10+T10+U10+V10+W10+L10+O10+M10+N10+X10 -> 0 | K10: =+COUNTIFS('muddati otgan'!C:C,A10,'muddati otgan'!AA:AA,"Arizani qabul qilish") -> 0 | L10: =+COUNTIFS('muddati otgan'!C:C,A10,'muddati otgan'!J:J,"Arizani rad etish") -> 0 | M10: =+COUNTIFS('muddati otgan'!C:C,A10,'muddati otgan'!J:J,"Arizani tasdiqlash") -> 0 | N10: =+COUNTIFS('muddati otgan'!C:C,A10,'muddati otgan'!J:J,"Arizani yo'naltirish") -> 0 | O10: =+COUNTIFS('muddati otgan'!C:C,A10,'muddati otgan'!J:J,"Rad qilish sababini o'rganish") -> 0 | P10: =+COUNTIFS('muddati otgan'!C:C,A10,'muddati otgan'!J:J,"Ko'chmas mulkni UZKAD ga migratsiya qilish") -> 0 | Q10: =+COUNTIFS('muddati otgan'!C:C,A10,'muddati otgan'!J:J,"Migratisya qilingan obyekt holatini tekshirish") -> 0 | R10: =+COUNTIFS('muddati otgan'!C:C,A10,'muddati otgan'!J:J,"Ko‘chmas mulkni tanlash") -> 0 | S10: =+COUNTIFS('muddati otgan'!C:C,A10,'muddati otgan'!J:J,"Arizani ko'rib chiqish") -> 0 | T10: =+COUNTIFS('muddati otgan'!C:C,A10,'muddati otgan'!J:J,"Kadastr muhandisini tanlash") -> 0 | U10: =+COUNTIFS('muddati otgan'!C:C,A10,'muddati otgan'!J:J,"Ko'chmas mulk turini tanlahsh") -> 0 | V10: =+COUNTIFS('muddati otgan'!C:C,A10,'muddati otgan'!AA:AA,"Rad qilish") -> 0 | W10: =+COUNTIFS('muddati otgan'!C:C,A10,'muddati otgan'!J:J,"ijrochi tanlash") -> 0 | X10: =+COUNTIFS('muddati otgan'!C:C,A10,'muddati otgan'!J:J,"Ko'chmas mulk turini tanlash") -> 0 | Y10: =Z10+AD10+AF10+AE10+AC10+AB10+AA10 -> 0 | Z10: =+COUNTIFS('muddati otgan'!C:C,A10,'muddati otgan'!J:J,"Ijroga qabul qilish") -> 0 | AA10: =+COUNTIFS('muddati otgan'!C:C,A10,'muddati otgan'!J:J,"Joyida o'rganish va ma'lumotlarni kiritish") -> 0 | AB10: =+COUNTIFS('muddati otgan'!C:C,A10,'muddati otgan'!J:J,"Asosiy qismdan ajratish jarayonida") -> 0 | AC10: =+COUNTIFS('muddati otgan'!C:C,A10,'muddati otgan'!J:J,"Umumiy foydalanishdagi obyekt yaratilish") -> 0 | AD10: =+COUNTIFS('muddati otgan'!C:C,A10,'muddati otgan'!J:J,"Migratsiya qilinadigan kadastr raqamini kiritish") -> 0 | AE10: =+COUNTIFS('muddati otgan'!C:C,A10,'muddati otgan'!J:J,"O'zida qolgan obyektni yaratish") -> 0 | AF10: =+COUNTIFS('muddati otgan'!C:C,A10,'muddati otgan'!J:J,"O'lchov natijalarini kiritish") -> 0 | AG10: =+COUNTIFS('muddati otgan'!C:C,A10,'muddati otgan'!J:J,"Topoxaritani tayyorlash (dwg, pdf)") -> 0 | AH10: =AI10 -> 0 | AI10: =+COUNTIFS('muddati otgan'!C:C,A10,'muddati otgan'!J:J,"Yer uchastkasini yaratish") -> 0 | AJ10: =AK10 -> 0 | AK10: =+COUNTIFS('muddati otgan'!C:C,A10,'muddati otgan'!J:J,"Kelishish (Boshqarma)") -> 0 | AL10: =AM10+AN10+AO10 -> 0 | AM10: =+COUNTIFS('muddati otgan'!C:C,A10,'muddati otgan'!J:J,"Kelishish (DKP)") -> 0 | AN10: =+COUNTIFS('muddati otgan'!C:C,A10,'muddati otgan'!J:J,"Kelishish") -> 0 | AO10: =+COUNTIFS('muddati otgan'!C:C,A10,'muddati otgan'!J:J,"Kelishish (Registratsiya DKP)") -> 0 | AP10: =AQ10+AR10+AS10+AT10 -> 0 | AQ10: =+COUNTIFS('muddati otgan'!C:C,A10,'muddati otgan'!J:J,"Manzil biriktirish") -> 0 | AR10: =+COUNTIFS('muddati otgan'!C:C,A10,'muddati otgan'!J:J,"Bino va inshootlarni yaratish") -> 0 | AS10: =+COUNTIFS('muddati otgan'!C:C,A10,'muddati otgan'!J:J,"Dov daraxtlarni yaratish") -> 0 | AT10: =+COUNTIFS('muddati otgan'!C:C,A10,'muddati otgan'!J:J,"Yer uchastkasini tahrirlash") -> 0 | AU10: =AV10+AW10+AX10+AY10+AZ10 -> 0 | AV10: =+COUNTIFS('muddati otgan'!C:C,A10,'muddati otgan'!J:J,"Yer toifasi va maqsadini kiritish") -> 0 | AW10: =+COUNTIFS('muddati otgan'!C:C,A10,'muddati otgan'!J:J,"Auksion yer tekshirish") -> 0 | AX10: =+COUNTIFS('muddati otgan'!C:C,A10,'muddati otgan'!J:J,"Yer turlarini kiritish") -> 0 | AY10: =+COUNTIFS('muddati otgan'!C:C,A10,'muddati otgan'!J:J,"Ma'lumotlarni kiritish") -> 0 | AZ10: =+COUNTIFS('muddati otgan'!C:C,A10,'muddati otgan'!J:J,"Yer tekshirish") -> 0 | BA10: =BB10+BC10+BD10+BE10+BF10+BG10+BH10+BI10+BJ10+BK10 -> 0 | BB10: =+COUNTIFS('muddati otgan'!C:C,A10,'muddati otgan'!J:J,"Bino va inshoot ma'lumotlarini to‘ldirish") -> 0 | BC10: =+COUNTIFS('muddati otgan'!C:C,A10,'muddati otgan'!J:J,"Inventarizatsiya ma'lumotlarini to‘ldirish") -> 0 | BD10: =+COUNTIFS('muddati otgan'!C:C,A10,'muddati otgan'!J:J,"Yer uchastkasiga huquqiy hujjatlarni kiritsh") -> 0 | BE10: =+COUNTIFS('muddati otgan'!C:C,A10,'muddati otgan'!J:J,"Bino-inshootlarga huquqiy hujjatlarni kiritsh") -> 0 | BF10: =+COUNTIFS('muddati otgan'!C:C,A10,'muddati otgan'!J:J,"Kadastr qiymatini hisoblash va kiritish") -> 0 | BG10: =+COUNTIFS('muddati otgan'!C:C,A10,'muddati otgan'!J:J,"Kadastr raqam biriktirish") -> 0 | BH10: =+COUNTIFS('muddati otgan'!C:C,A10,'muddati otgan'!J:J,"Kadastr yig'ma jildni tayyorlash") -> 0 | BI10: =+COUNTIFS('muddati otgan'!C:C,A10,'muddati otgan'!J:J,"Huquqni yaratish") -> 0 | BJ10: =+COUNTIFS('muddati otgan'!C:C,A10,'muddati otgan'!J:J,"Hujjatlarni o'rganish") -> 0 | BK10: =+COUNTIFS('muddati otgan'!C:C,A10,'muddati otgan'!J:J,"Ma'lumotlarni tekshirish") -> 0 | BL10: =BM10+BN10+BP10+BO10+BQ10 -> 0 | BM10: =+COUNTIFS('muddati otgan'!C:C,A10,'muddati otgan'!J:J,"Tekshirish") -> 0 | BN10: =+COUNTIFS('muddati otgan'!C:C,A10,'muddati otgan'!J:J,"Hujjatlarni tekshirish") -> 0 | BO10: =+COUNTIFS('muddati otgan'!C:C,A10,'muddati otgan'!J:J,"Tasdiqlash") -> 0 | BP10: =+COUNTIFS('muddati otgan'!C:C,A10,'muddati otgan'!J:J,"tekshirish/tasdiqlash") -> 0 | BQ10: =+COUNTIFS('muddati otgan'!C:C,A10,'muddati otgan'!J:J,"Ma'lumotlarni tasdiqlash") -> 0 | BR10: =BS10+BU10+BV10+BW10+BX10+BY10-BT10 -> 0 | BS10: =+COUNTIFS('muddati otgan'!C:C,A10,'muddati otgan'!J:J,"Ro'yxatdan o'tkazish ma'lumotlarini tekshirish") -> 0 | BT10: =+COUNTIFS('muddati otgan'!C:C,A10,'muddati otgan'!J:J,"Kamchiliklar bo'yicha habarnoma yuborish va 3 kunga to'xtatish") -> 0 | BU10: =+COUNTIFS('muddati otgan'!C:C,A10,'muddati otgan'!J:J,"Hisobga olish") -> 0 | BV10: =+COUNTIFS('muddati otgan'!C:C,A10,'muddati otgan'!J:J,"Yer uchastkasiga huquq yaratish") -> 0 | BW10: =+COUNTIFS('muddati otgan'!C:C,A10,'muddati otgan'!J:J,"Bino-inshootga huquq yaratish") -> 0 | BX10: =+COUNTIFS('muddati otgan'!C:C,A10,'muddati otgan'!J:J,"Cheklov yaratish") -> 0 | BY10: =+COUNTIFS('muddati otgan'!C:C,A10,'muddati otgan'!J:J,"Taqiq yaratish") -> 0 | BZ10: =CA10 -> 0 | CA10: =+COUNTIFS('muddati otgan'!C:C,A10,'muddati otgan'!J:J,"Soliq maydonini tekshirish") -> 0 | CB10: =CC10 -> 0 | CC10: =+COUNTIFS('muddati otgan'!C:C,A10,'muddati otgan'!J:J,"Kadastr yig'majildini shakllantirish") -> 0 | CD10: =CE10+CF10+CG10+CI10+CJ10+CH10 -> 0 | CE10: =+COUNTIFS('muddati otgan'!C:C,A10,'muddati otgan'!J:J,"Kadastr passportini shakllantirish") -> 0 | CF10: =+COUNTIFS('muddati otgan'!C:C,A10,'muddati otgan'!J:J,"Yig'ma jildni tasdiqlash") -> 0 | CG10: =+COUNTIFS('muddati otgan'!C:C,A10,'muddati otgan'!J:J,"To'lov yoki bepul tasdiqlash") -> 0 | CH10: =+COUNTIFS('muddati otgan'!C:C,A10,'muddati otgan'!J:J,"Bog'liq arizani kutish") -> 0 | CI10: =+COUNTIFS('muddati otgan'!C:C,A10,'muddati otgan'!J:J,"To'lovga chiqarish") -> 0 | CJ10: =+COUNTIFS('muddati otgan'!C:C,A10,'muddati otgan'!J:J,"Hisobga qo'yish") -> 0 | CK10: =+COUNTIFS('muddati otgan'!C:C,A10,'muddati otgan'!J:J,"To'lov kutilmoqda") -> 1 | CL10: =CM10+CN10+CO10+CP10+CQ10+CR10+CS10+CT10 -> 0 | CM10: =+COUNTIFS('muddati otgan'!C:C,A10,'muddati otgan'!AA:AA,"Arizani qabul qilish2") -> 0 | CN10: =+COUNTIFS('muddati otgan'!C:C,A10,'muddati otgan'!J:J,"Huquqlarni tekshirish") -> 0 | CO10: =+COUNTIFS('muddati otgan'!C:C,A10,'muddati otgan'!J:J,"Ko'chmas mulkni ro'yhatdan o'tkazishga qabul qilish") -> 0 | CP10: =+COUNTIFS('muddati otgan'!C:C,A10,'muddati otgan'!J:J,"Ro'yxatdan o'tkazish") -> 0 | CQ10: =+COUNTIFS('muddati otgan'!C:C,A10,'muddati otgan'!J:J,"Kadastr pasporti va ko'chirmani yuborish") -> 0 | CR10: =+COUNTIFS('muddati otgan'!C:C,A10,'muddati otgan'!AA:AA,"Rad qilish2") -> 0 | CS10: =+COUNTIFS('muddati otgan'!C:C,A10,'muddati otgan'!J:J,"Ko'chirmani yuborish") -> 0 | CT10: =+COUNTIFS('muddati otgan'!C:C,A10,'muddati otgan'!J:J,"Ma‘lumotlarni tekshirish") -> 0 | CU10: =CV10 -> 0 | CV10: =+COUNTIFS('muddati otgan'!C:C,A10,'muddati otgan'!J:J,"Kadastr yig'majildini chop etish va arxiv ishiga tikish") -> 0 | CW10: =CX10+CY10 -> 0 | CX10: =+COUNTIFS('muddati otgan'!C:C,A10,'muddati otgan'!J:J,"Kadastr yig‘majildini qabul qilish, arizani yakunlash") -> 0 | CY10: =+COUNTIFS('muddati otgan'!C:C,A10,'muddati otgan'!J:J,"Next Cloudga yuklash") -> 0 | CZ10: =+COUNTIFS('muddati otgan'!C:C,A10,'muddati otgan'!J:J,"Kelishish kutilmoqda") -> 0 | DA10: =+COUNTIFS('muddati otgan'!C:C,A10,'muddati otgan'!J:J,"Yakunlandi") -> 2 | DB10: =+COUNTIFS('muddati otgan'!C:C,A10,'muddati otgan'!J:J,"Rad etildi") -> 0 | DC10: =CK10+CZ10+DA10+DB10-D10 -> 0 | DD10: =COUNTIFS('jami 1-20 kunlik arizalar'!C:C,A:A,'jami 1-20 kunlik arizalar'!S:S,"1") -> 0 | DE10: =COUNTIFS('jami 1-20 kunlik arizalar'!C:C,A:A,'jami 1-20 kunlik arizalar'!S:S,"2") -> 0 | DF10: =COUNTIFS('jami 1-20 kunlik arizalar'!C:C,A:A,'jami 1-20 kunlik arizalar'!S:S,"3") -> 0 | DG10: =COUNTIFS('jami 1-20 kunlik arizalar'!C:C,A:A,'jami 1-20 kunlik arizalar'!S:S,"4") -> 1 | DH10: =COUNTIFS('jami 1-20 kunlik arizalar'!C:C,A:A,'jami 1-20 kunlik arizalar'!S:S,"5") -> 1 | DI10: =SUM(COUNTIFS('jami 1-20 kunlik arizalar'!C:C,A:A, 'jami 1-20 kunlik arizalar'!S:S, {6,7,8,9,10})) -> 3 | DJ10: =SUM(COUNTIFS('jami 1-20 kunlik arizalar'!C:C,A:A, 'jami 1-20 kunlik arizalar'!S:S,">10")) -> 10
A11: 31810912190036 | C11: BUVAXONOV RASHIDXON | D11: =+COUNTIFS('muddati otgan'!C:C,A11,'muddati otgan'!C:C,A11) -> 0 | E11: =SUMIFS('muddati otgan'!$V:V,'muddati otgan'!$C:C,$A:A) -> 0 | F11: =SUMIFS('muddati otgan'!$W:W,'muddati otgan'!$C:C,$A:A) -> 0 | G11: =SUMIFS('muddati otgan'!$U:U,'muddati otgan'!$C:C,$A:A) -> 0 | H11: =SUMIFS('muddati otgan'!$G:G,'muddati otgan'!$C:C,$A:A) -> 0 | I11: =SUMIFS('muddati otgan'!$H:H,'muddati otgan'!$C:C,$A:A) -> 0 | J11: =K11+P11+Q11+R11+S11+T11+U11+V11+W11+L11+O11+M11+N11+X11 -> 0 | K11: =+COUNTIFS('muddati otgan'!C:C,A11,'muddati otgan'!AA:AA,"Arizani qabul qilish") -> 0 | L11: =+COUNTIFS('muddati otgan'!C:C,A11,'muddati otgan'!J:J,"Arizani rad etish") -> 0 | M11: =+COUNTIFS('muddati otgan'!C:C,A11,'muddati otgan'!J:J,"Arizani tasdiqlash") -> 0 | N11: =+COUNTIFS('muddati otgan'!C:C,A11,'muddati otgan'!J:J,"Arizani yo'naltirish") -> 0 | O11: =+COUNTIFS('muddati otgan'!C:C,A11,'muddati otgan'!J:J,"Rad qilish sababini o'rganish") -> 0 | P11: =+COUNTIFS('muddati otgan'!C:C,A11,'muddati otgan'!J:J,"Ko'chmas mulkni UZKAD ga migratsiya qilish") -> 0 | Q11: =+COUNTIFS('muddati otgan'!C:C,A11,'muddati otgan'!J:J,"Migratisya qilingan obyekt holatini tekshirish") -> 0 | R11: =+COUNTIFS('muddati otgan'!C:C,A11,'muddati otgan'!J:J,"Ko‘chmas mulkni tanlash") -> 0 | S11: =+COUNTIFS('muddati otgan'!C:C,A11,'muddati otgan'!J:J,"Arizani ko'rib chiqish") -> 0 | T11: =+COUNTIFS('muddati otgan'!C:C,A11,'muddati otgan'!J:J,"Kadastr muhandisini tanlash") -> 0 | U11: =+COUNTIFS('muddati otgan'!C:C,A11,'muddati otgan'!J:J,"Ko'chmas mulk turini tanlahsh") -> 0 | V11: =+COUNTIFS('muddati otgan'!C:C,A11,'muddati otgan'!AA:AA,"Rad qilish") -> 0 | W11: =+COUNTIFS('muddati otgan'!C:C,A11,'muddati otgan'!J:J,"ijrochi tanlash") -> 0 | X11: =+COUNTIFS('muddati otgan'!C:C,A11,'muddati otgan'!J:J,"Ko'chmas mulk turini tanlash") -> 0 | Y11: =Z11+AD11+AF11+AE11+AC11+AB11+AA11 -> 0 | Z11: =+COUNTIFS('muddati otgan'!C:C,A11,'muddati otgan'!J:J,"Ijroga qabul qilish") -> 0 | AA11: =+COUNTIFS('muddati otgan'!C:C,A11,'muddati otgan'!J:J,"Joyida o'rganish va ma'lumotlarni kiritish") -> 0 | AB11: =+COUNTIFS('muddati otgan'!C:C,A11,'muddati otgan'!J:J,"Asosiy qismdan ajratish jarayonida") -> 0 | AC11: =+COUNTIFS('muddati otgan'!C:C,A11,'muddati otgan'!J:J,"Umumiy foydalanishdagi obyekt yaratilish") -> 0 | AD11: =+COUNTIFS('muddati otgan'!C:C,A11,'muddati otgan'!J:J,"Migratsiya qilinadigan kadastr raqamini kiritish") -> 0 | AE11: =+COUNTIFS('muddati otgan'!C:C,A11,'muddati otgan'!J:J,"O'zida qolgan obyektni yaratish") -> 0 | AF11: =+COUNTIFS('muddati otgan'!C:C,A11,'muddati otgan'!J:J,"O'lchov natijalarini kiritish") -> 0 | AG11: =+COUNTIFS('muddati otgan'!C:C,A11,'muddati otgan'!J:J,"Topoxaritani tayyorlash (dwg, pdf)") -> 0 | AH11: =AI11 -> 0 | AI11: =+COUNTIFS('muddati otgan'!C:C,A11,'muddati otgan'!J:J,"Yer uchastkasini yaratish") -> 0 | AJ11: =AK11 -> 0 | AK11: =+COUNTIFS('muddati otgan'!C:C,A11,'muddati otgan'!J:J,"Kelishish (Boshqarma)") -> 0 | AL11: =AM11+AN11+AO11 -> 0 | AM11: =+COUNTIFS('muddati otgan'!C:C,A11,'muddati otgan'!J:J,"Kelishish (DKP)") -> 0 | AN11: =+COUNTIFS('muddati otgan'!C:C,A11,'muddati otgan'!J:J,"Kelishish") -> 0 | AO11: =+COUNTIFS('muddati otgan'!C:C,A11,'muddati otgan'!J:J,"Kelishish (Registratsiya DKP)") -> 0 | AP11: =AQ11+AR11+AS11+AT11 -> 0 | AQ11: =+COUNTIFS('muddati otgan'!C:C,A11,'muddati otgan'!J:J,"Manzil biriktirish") -> 0 | AR11: =+COUNTIFS('muddati otgan'!C:C,A11,'muddati otgan'!J:J,"Bino va inshootlarni yaratish") -> 0 | AS11: =+COUNTIFS('muddati otgan'!C:C,A11,'muddati otgan'!J:J,"Dov daraxtlarni yaratish") -> 0 | AT11: =+COUNTIFS('muddati otgan'!C:C,A11,'muddati otgan'!J:J,"Yer uchastkasini tahrirlash") -> 0 | AU11: =AV11+AW11+AX11+AY11+AZ11 -> 0 | AV11: =+COUNTIFS('muddati otgan'!C:C,A11,'muddati otgan'!J:J,"Yer toifasi va maqsadini kiritish") -> 0 | AW11: =+COUNTIFS('muddati otgan'!C:C,A11,'muddati otgan'!J:J,"Auksion yer tekshirish") -> 0 | AX11: =+COUNTIFS('muddati otgan'!C:C,A11,'muddati otgan'!J:J,"Yer turlarini kiritish") -> 0 | AY11: =+COUNTIFS('muddati otgan'!C:C,A11,'muddati otgan'!J:J,"Ma'lumotlarni kiritish") -> 0 | AZ11: =+COUNTIFS('muddati otgan'!C:C,A11,'muddati otgan'!J:J,"Yer tekshirish") -> 0 | BA11: =BB11+BC11+BD11+BE11+BF11+BG11+BH11+BI11+BJ11+BK11 -> 0 | BB11: =+COUNTIFS('muddati otgan'!C:C,A11,'muddati otgan'!J:J,"Bino va inshoot ma'lumotlarini to‘ldirish") -> 0 | BC11: =+COUNTIFS('muddati otgan'!C:C,A11,'muddati otgan'!J:J,"Inventarizatsiya ma'lumotlarini to‘ldirish") -> 0 | BD11: =+COUNTIFS('muddati otgan'!C:C,A11,'muddati otgan'!J:J,"Yer uchastkasiga huquqiy hujjatlarni kiritsh") -> 0 | BE11: =+COUNTIFS('muddati otgan'!C:C,A11,'muddati otgan'!J:J,"Bino-inshootlarga huquqiy hujjatlarni kiritsh") -> 0 | BF11: =+COUNTIFS('muddati otgan'!C:C,A11,'muddati otgan'!J:J,"Kadastr qiymatini hisoblash va kiritish") -> 0 | BG11: =+COUNTIFS('muddati otgan'!C:C,A11,'muddati otgan'!J:J,"Kadastr raqam biriktirish") -> 0 | BH11: =+COUNTIFS('muddati otgan'!C:C,A11,'muddati otgan'!J:J,"Kadastr yig'ma jildni tayyorlash") -> 0 | BI11: =+COUNTIFS('muddati otgan'!C:C,A11,'muddati otgan'!J:J,"Huquqni yaratish") -> 0 | BJ11: =+COUNTIFS('muddati otgan'!C:C,A11,'muddati otgan'!J:J,"Hujjatlarni o'rganish") -> 0 | BK11: =+COUNTIFS('muddati otgan'!C:C,A11,'muddati otgan'!J:J,"Ma'lumotlarni tekshirish") -> 0 | BL11: =BM11+BN11+BP11+BO11+BQ11 -> 0 | BM11: =+COUNTIFS('muddati otgan'!C:C,A11,'muddati otgan'!J:J,"Tekshirish") -> 0 | BN11: =+COUNTIFS('muddati otgan'!C:C,A11,'muddati otgan'!J:J,"Hujjatlarni tekshirish") -> 0 | BO11: =+COUNTIFS('muddati otgan'!C:C,A11,'muddati otgan'!J:J,"Tasdiqlash") -> 0 | BP11: =+COUNTIFS('muddati otgan'!C:C,A11,'muddati otgan'!J:J,"tekshirish/tasdiqlash") -> 0 | BQ11: =+COUNTIFS('muddati otgan'!C:C,A11,'muddati otgan'!J:J,"Ma'lumotlarni tasdiqlash") -> 0 | BR11: =BS11+BU11+BV11+BW11+BX11+BY11-BT11 -> 0 | BS11: =+COUNTIFS('muddati otgan'!C:C,A11,'muddati otgan'!J:J,"Ro'yxatdan o'tkazish ma'lumotlarini tekshirish") -> 0 | BT11: =+COUNTIFS('muddati otgan'!C:C,A11,'muddati otgan'!J:J,"Kamchiliklar bo'yicha habarnoma yuborish va 3 kunga to'xtatish") -> 0 | BU11: =+COUNTIFS('muddati otgan'!C:C,A11,'muddati otgan'!J:J,"Hisobga olish") -> 0 | BV11: =+COUNTIFS('muddati otgan'!C:C,A11,'muddati otgan'!J:J,"Yer uchastkasiga huquq yaratish") -> 0 | BW11: =+COUNTIFS('muddati otgan'!C:C,A11,'muddati otgan'!J:J,"Bino-inshootga huquq yaratish") -> 0 | BX11: =+COUNTIFS('muddati otgan'!C:C,A11,'muddati otgan'!J:J,"Cheklov yaratish") -> 0 | BY11: =+COUNTIFS('muddati otgan'!C:C,A11,'muddati otgan'!J:J,"Taqiq yaratish") -> 0 | BZ11: =CA11 -> 0 | CA11: =+COUNTIFS('muddati otgan'!C:C,A11,'muddati otgan'!J:J,"Soliq maydonini tekshirish") -> 0 | CB11: =CC11 -> 0 | CC11: =+COUNTIFS('muddati otgan'!C:C,A11,'muddati otgan'!J:J,"Kadastr yig'majildini shakllantirish") -> 0 | CD11: =CE11+CF11+CG11+CI11+CJ11+CH11 -> 0 | CE11: =+COUNTIFS('muddati otgan'!C:C,A11,'muddati otgan'!J:J,"Kadastr passportini shakllantirish") -> 0 | CF11: =+COUNTIFS('muddati otgan'!C:C,A11,'muddati otgan'!J:J,"Yig'ma jildni tasdiqlash") -> 0 | CG11: =+COUNTIFS('muddati otgan'!C:C,A11,'muddati otgan'!J:J,"To'lov yoki bepul tasdiqlash") -> 0 | CH11: =+COUNTIFS('muddati otgan'!C:C,A11,'muddati otgan'!J:J,"Bog'liq arizani kutish") -> 0 | CI11: =+COUNTIFS('muddati otgan'!C:C,A11,'muddati otgan'!J:J,"To'lovga chiqarish") -> 0 | CJ11: =+COUNTIFS('muddati otgan'!C:C,A11,'muddati otgan'!J:J,"Hisobga qo'yish") -> 0 | CK11: =+COUNTIFS('muddati otgan'!C:C,A11,'muddati otgan'!J:J,"To'lov kutilmoqda") -> 0 | CL11: =CM11+CN11+CO11+CP11+CQ11+CR11+CS11+CT11 -> 0 | CM11: =+COUNTIFS('muddati otgan'!C:C,A11,'muddati otgan'!AA:AA,"Arizani qabul qilish2") -> 0 | CN11: =+COUNTIFS('muddati otgan'!C:C,A11,'muddati otgan'!J:J,"Huquqlarni tekshirish") -> 0 | CO11: =+COUNTIFS('muddati otgan'!C:C,A11,'muddati otgan'!J:J,"Ko'chmas mulkni ro'yhatdan o'tkazishga qabul qilish") -> 0 | CP11: =+COUNTIFS('muddati otgan'!C:C,A11,'muddati otgan'!J:J,"Ro'yxatdan o'tkazish") -> 0 | CQ11: =+COUNTIFS('muddati otgan'!C:C,A11,'muddati otgan'!J:J,"Kadastr pasporti va ko'chirmani yuborish") -> 0 | CR11: =+COUNTIFS('muddati otgan'!C:C,A11,'muddati otgan'!AA:AA,"Rad qilish2") -> 0 | CS11: =+COUNTIFS('muddati otgan'!C:C,A11,'muddati otgan'!J:J,"Ko'chirmani yuborish") -> 0 | CT11: =+COUNTIFS('muddati otgan'!C:C,A11,'muddati otgan'!J:J,"Ma‘lumotlarni tekshirish") -> 0 | CU11: =CV11 -> 0 | CV11: =+COUNTIFS('muddati otgan'!C:C,A11,'muddati otgan'!J:J,"Kadastr yig'majildini chop etish va arxiv ishiga tikish") -> 0 | CW11: =CX11+CY11 -> 0 | CX11: =+COUNTIFS('muddati otgan'!C:C,A11,'muddati otgan'!J:J,"Kadastr yig‘majildini qabul qilish, arizani yakunlash") -> 0 | CY11: =+COUNTIFS('muddati otgan'!C:C,A11,'muddati otgan'!J:J,"Next Cloudga yuklash") -> 0 | CZ11: =+COUNTIFS('muddati otgan'!C:C,A11,'muddati otgan'!J:J,"Kelishish kutilmoqda") -> 0 | DA11: =+COUNTIFS('muddati otgan'!C:C,A11,'muddati otgan'!J:J,"Yakunlandi") -> 0 | DB11: =+COUNTIFS('muddati otgan'!C:C,A11,'muddati otgan'!J:J,"Rad etildi") -> 0 | DC11: =CK11+CZ11+DA11+DB11-D11 -> 0 | DD11: =COUNTIFS('jami 1-20 kunlik arizalar'!C:C,A:A,'jami 1-20 kunlik arizalar'!S:S,"1") -> 0 | DE11: =COUNTIFS('jami 1-20 kunlik arizalar'!C:C,A:A,'jami 1-20 kunlik arizalar'!S:S,"2") -> 0 | DF11: =COUNTIFS('jami 1-20 kunlik arizalar'!C:C,A:A,'jami 1-20 kunlik arizalar'!S:S,"3") -> 1 | DG11: =COUNTIFS('jami 1-20 kunlik arizalar'!C:C,A:A,'jami 1-20 kunlik arizalar'!S:S,"4") -> 0 | DH11: =COUNTIFS('jami 1-20 kunlik arizalar'!C:C,A:A,'jami 1-20 kunlik arizalar'!S:S,"5") -> 0 | DI11: =SUM(COUNTIFS('jami 1-20 kunlik arizalar'!C:C,A:A, 'jami 1-20 kunlik arizalar'!S:S, {6,7,8,9,10})) -> 8 | DJ11: =SUM(COUNTIFS('jami 1-20 kunlik arizalar'!C:C,A:A, 'jami 1-20 kunlik arizalar'!S:S,">10")) -> 4
A12: 30205975980020 | C12: IBROHIMJONOV ISLOMJON | D12: =+COUNTIFS('muddati otgan'!C:C,A12,'muddati otgan'!C:C,A12) -> 0 | E12: =SUMIFS('muddati otgan'!$V:V,'muddati otgan'!$C:C,$A:A) -> 0 | F12: =SUMIFS('muddati otgan'!$W:W,'muddati otgan'!$C:C,$A:A) -> 0 | G12: =SUMIFS('muddati otgan'!$U:U,'muddati otgan'!$C:C,$A:A) -> 0 | H12: =SUMIFS('muddati otgan'!$G:G,'muddati otgan'!$C:C,$A:A) -> 0 | I12: =SUMIFS('muddati otgan'!$H:H,'muddati otgan'!$C:C,$A:A) -> 0 | J12: =K12+P12+Q12+R12+S12+T12+U12+V12+W12+L12+O12+M12+N12+X12 -> 0 | K12: =+COUNTIFS('muddati otgan'!C:C,A12,'muddati otgan'!AA:AA,"Arizani qabul qilish") -> 0 | L12: =+COUNTIFS('muddati otgan'!C:C,A12,'muddati otgan'!J:J,"Arizani rad etish") -> 0 | M12: =+COUNTIFS('muddati otgan'!C:C,A12,'muddati otgan'!J:J,"Arizani tasdiqlash") -> 0 | N12: =+COUNTIFS('muddati otgan'!C:C,A12,'muddati otgan'!J:J,"Arizani yo'naltirish") -> 0 | O12: =+COUNTIFS('muddati otgan'!C:C,A12,'muddati otgan'!J:J,"Rad qilish sababini o'rganish") -> 0 | P12: =+COUNTIFS('muddati otgan'!C:C,A12,'muddati otgan'!J:J,"Ko'chmas mulkni UZKAD ga migratsiya qilish") -> 0 | Q12: =+COUNTIFS('muddati otgan'!C:C,A12,'muddati otgan'!J:J,"Migratisya qilingan obyekt holatini tekshirish") -> 0 | R12: =+COUNTIFS('muddati otgan'!C:C,A12,'muddati otgan'!J:J,"Ko‘chmas mulkni tanlash") -> 0 | S12: =+COUNTIFS('muddati otgan'!C:C,A12,'muddati otgan'!J:J,"Arizani ko'rib chiqish") -> 0 | T12: =+COUNTIFS('muddati otgan'!C:C,A12,'muddati otgan'!J:J,"Kadastr muhandisini tanlash") -> 0 | U12: =+COUNTIFS('muddati otgan'!C:C,A12,'muddati otgan'!J:J,"Ko'chmas mulk turini tanlahsh") -> 0 | V12: =+COUNTIFS('muddati otgan'!C:C,A12,'muddati otgan'!AA:AA,"Rad qilish") -> 0 | W12: =+COUNTIFS('muddati otgan'!C:C,A12,'muddati otgan'!J:J,"ijrochi tanlash") -> 0 | X12: =+COUNTIFS('muddati otgan'!C:C,A12,'muddati otgan'!J:J,"Ko'chmas mulk turini tanlash") -> 0 | Y12: =Z12+AD12+AF12+AE12+AC12+AB12+AA12 -> 0 | Z12: =+COUNTIFS('muddati otgan'!C:C,A12,'muddati otgan'!J:J,"Ijroga qabul qilish") -> 0 | AA12: =+COUNTIFS('muddati otgan'!C:C,A12,'muddati otgan'!J:J,"Joyida o'rganish va ma'lumotlarni kiritish") -> 0 | AB12: =+COUNTIFS('muddati otgan'!C:C,A12,'muddati otgan'!J:J,"Asosiy qismdan ajratish jarayonida") -> 0 | AC12: =+COUNTIFS('muddati otgan'!C:C,A12,'muddati otgan'!J:J,"Umumiy foydalanishdagi obyekt yaratilish") -> 0 | AD12: =+COUNTIFS('muddati otgan'!C:C,A12,'muddati otgan'!J:J,"Migratsiya qilinadigan kadastr raqamini kiritish") -> 0 | AE12: =+COUNTIFS('muddati otgan'!C:C,A12,'muddati otgan'!J:J,"O'zida qolgan obyektni yaratish") -> 0 | AF12: =+COUNTIFS('muddati otgan'!C:C,A12,'muddati otgan'!J:J,"O'lchov natijalarini kiritish") -> 0 | AG12: =+COUNTIFS('muddati otgan'!C:C,A12,'muddati otgan'!J:J,"Topoxaritani tayyorlash (dwg, pdf)") -> 0 | AH12: =AI12 -> 0 | AI12: =+COUNTIFS('muddati otgan'!C:C,A12,'muddati otgan'!J:J,"Yer uchastkasini yaratish") -> 0 | AJ12: =AK12 -> 0 | AK12: =+COUNTIFS('muddati otgan'!C:C,A12,'muddati otgan'!J:J,"Kelishish (Boshqarma)") -> 0 | AL12: =AM12+AN12+AO12 -> 0 | AM12: =+COUNTIFS('muddati otgan'!C:C,A12,'muddati otgan'!J:J,"Kelishish (DKP)") -> 0 | AN12: =+COUNTIFS('muddati otgan'!C:C,A12,'muddati otgan'!J:J,"Kelishish") -> 0 | AO12: =+COUNTIFS('muddati otgan'!C:C,A12,'muddati otgan'!J:J,"Kelishish (Registratsiya DKP)") -> 0 | AP12: =AQ12+AR12+AS12+AT12 -> 0 | AQ12: =+COUNTIFS('muddati otgan'!C:C,A12,'muddati otgan'!J:J,"Manzil biriktirish") -> 0 | AR12: =+COUNTIFS('muddati otgan'!C:C,A12,'muddati otgan'!J:J,"Bino va inshootlarni yaratish") -> 0 | AS12: =+COUNTIFS('muddati otgan'!C:C,A12,'muddati otgan'!J:J,"Dov daraxtlarni yaratish") -> 0 | AT12: =+COUNTIFS('muddati otgan'!C:C,A12,'muddati otgan'!J:J,"Yer uchastkasini tahrirlash") -> 0 | AU12: =AV12+AW12+AX12+AY12+AZ12 -> 0 | AV12: =+COUNTIFS('muddati otgan'!C:C,A12,'muddati otgan'!J:J,"Yer toifasi va maqsadini kiritish") -> 0 | AW12: =+COUNTIFS('muddati otgan'!C:C,A12,'muddati otgan'!J:J,"Auksion yer tekshirish") -> 0 | AX12: =+COUNTIFS('muddati otgan'!C:C,A12,'muddati otgan'!J:J,"Yer turlarini kiritish") -> 0 | AY12: =+COUNTIFS('muddati otgan'!C:C,A12,'muddati otgan'!J:J,"Ma'lumotlarni kiritish") -> 0 | AZ12: =+COUNTIFS('muddati otgan'!C:C,A12,'muddati otgan'!J:J,"Yer tekshirish") -> 0 | BA12: =BB12+BC12+BD12+BE12+BF12+BG12+BH12+BI12+BJ12+BK12 -> 0 | BB12: =+COUNTIFS('muddati otgan'!C:C,A12,'muddati otgan'!J:J,"Bino va inshoot ma'lumotlarini to‘ldirish") -> 0 | BC12: =+COUNTIFS('muddati otgan'!C:C,A12,'muddati otgan'!J:J,"Inventarizatsiya ma'lumotlarini to‘ldirish") -> 0 | BD12: =+COUNTIFS('muddati otgan'!C:C,A12,'muddati otgan'!J:J,"Yer uchastkasiga huquqiy hujjatlarni kiritsh") -> 0 | BE12: =+COUNTIFS('muddati otgan'!C:C,A12,'muddati otgan'!J:J,"Bino-inshootlarga huquqiy hujjatlarni kiritsh") -> 0 | BF12: =+COUNTIFS('muddati otgan'!C:C,A12,'muddati otgan'!J:J,"Kadastr qiymatini hisoblash va kiritish") -> 0 | BG12: =+COUNTIFS('muddati otgan'!C:C,A12,'muddati otgan'!J:J,"Kadastr raqam biriktirish") -> 0 | BH12: =+COUNTIFS('muddati otgan'!C:C,A12,'muddati otgan'!J:J,"Kadastr yig'ma jildni tayyorlash") -> 0 | BI12: =+COUNTIFS('muddati otgan'!C:C,A12,'muddati otgan'!J:J,"Huquqni yaratish") -> 0 | BJ12: =+COUNTIFS('muddati otgan'!C:C,A12,'muddati otgan'!J:J,"Hujjatlarni o'rganish") -> 0 | BK12: =+COUNTIFS('muddati otgan'!C:C,A12,'muddati otgan'!J:J,"Ma'lumotlarni tekshirish") -> 0 | BL12: =BM12+BN12+BP12+BO12+BQ12 -> 0 | BM12: =+COUNTIFS('muddati otgan'!C:C,A12,'muddati otgan'!J:J,"Tekshirish") -> 0 | BN12: =+COUNTIFS('muddati otgan'!C:C,A12,'muddati otgan'!J:J,"Hujjatlarni tekshirish") -> 0 | BO12: =+COUNTIFS('muddati otgan'!C:C,A12,'muddati otgan'!J:J,"Tasdiqlash") -> 0 | BP12: =+COUNTIFS('muddati otgan'!C:C,A12,'muddati otgan'!J:J,"tekshirish/tasdiqlash") -> 0 | BQ12: =+COUNTIFS('muddati otgan'!C:C,A12,'muddati otgan'!J:J,"Ma'lumotlarni tasdiqlash") -> 0 | BR12: =BS12+BU12+BV12+BW12+BX12+BY12-BT12 -> 0 | BS12: =+COUNTIFS('muddati otgan'!C:C,A12,'muddati otgan'!J:J,"Ro'yxatdan o'tkazish ma'lumotlarini tekshirish") -> 0 | BT12: =+COUNTIFS('muddati otgan'!C:C,A12,'muddati otgan'!J:J,"Kamchiliklar bo'yicha habarnoma yuborish va 3 kunga to'xtatish") -> 0 | BU12: =+COUNTIFS('muddati otgan'!C:C,A12,'muddati otgan'!J:J,"Hisobga olish") -> 0 | BV12: =+COUNTIFS('muddati otgan'!C:C,A12,'muddati otgan'!J:J,"Yer uchastkasiga huquq yaratish") -> 0 | BW12: =+COUNTIFS('muddati otgan'!C:C,A12,'muddati otgan'!J:J,"Bino-inshootga huquq yaratish") -> 0 | BX12: =+COUNTIFS('muddati otgan'!C:C,A12,'muddati otgan'!J:J,"Cheklov yaratish") -> 0 | BY12: =+COUNTIFS('muddati otgan'!C:C,A12,'muddati otgan'!J:J,"Taqiq yaratish") -> 0 | BZ12: =CA12 -> 0 | CA12: =+COUNTIFS('muddati otgan'!C:C,A12,'muddati otgan'!J:J,"Soliq maydonini tekshirish") -> 0 | CB12: =CC12 -> 0 | CC12: =+COUNTIFS('muddati otgan'!C:C,A12,'muddati otgan'!J:J,"Kadastr yig'majildini shakllantirish") -> 0 | CD12: =CE12+CF12+CG12+CI12+CJ12+CH12 -> 0 | CE12: =+COUNTIFS('muddati otgan'!C:C,A12,'muddati otgan'!J:J,"Kadastr passportini shakllantirish") -> 0 | CF12: =+COUNTIFS('muddati otgan'!C:C,A12,'muddati otgan'!J:J,"Yig'ma jildni tasdiqlash") -> 0 | CG12: =+COUNTIFS('muddati otgan'!C:C,A12,'muddati otgan'!J:J,"To'lov yoki bepul tasdiqlash") -> 0 | CH12: =+COUNTIFS('muddati otgan'!C:C,A12,'muddati otgan'!J:J,"Bog'liq arizani kutish") -> 0 | CI12: =+COUNTIFS('muddati otgan'!C:C,A12,'muddati otgan'!J:J,"To'lovga chiqarish") -> 0 | CJ12: =+COUNTIFS('muddati otgan'!C:C,A12,'muddati otgan'!J:J,"Hisobga qo'yish") -> 0 | CK12: =+COUNTIFS('muddati otgan'!C:C,A12,'muddati otgan'!J:J,"To'lov kutilmoqda") -> 0 | CL12: =CM12+CN12+CO12+CP12+CQ12+CR12+CS12+CT12 -> 0 | CM12: =+COUNTIFS('muddati otgan'!C:C,A12,'muddati otgan'!AA:AA,"Arizani qabul qilish2") -> 0 | CN12: =+COUNTIFS('muddati otgan'!C:C,A12,'muddati otgan'!J:J,"Huquqlarni tekshirish") -> 0 | CO12: =+COUNTIFS('muddati otgan'!C:C,A12,'muddati otgan'!J:J,"Ko'chmas mulkni ro'yhatdan o'tkazishga qabul qilish") -> 0 | CP12: =+COUNTIFS('muddati otgan'!C:C,A12,'muddati otgan'!J:J,"Ro'yxatdan o'tkazish") -> 0 | CQ12: =+COUNTIFS('muddati otgan'!C:C,A12,'muddati otgan'!J:J,"Kadastr pasporti va ko'chirmani yuborish") -> 0 | CR12: =+COUNTIFS('muddati otgan'!C:C,A12,'muddati otgan'!AA:AA,"Rad qilish2") -> 0 | CS12: =+COUNTIFS('muddati otgan'!C:C,A12,'muddati otgan'!J:J,"Ko'chirmani yuborish") -> 0 | CT12: =+COUNTIFS('muddati otgan'!C:C,A12,'muddati otgan'!J:J,"Ma‘lumotlarni tekshirish") -> 0 | CU12: =CV12 -> 0 | CV12: =+COUNTIFS('muddati otgan'!C:C,A12,'muddati otgan'!J:J,"Kadastr yig'majildini chop etish va arxiv ishiga tikish") -> 0 | CW12: =CX12+CY12 -> 0 | CX12: =+COUNTIFS('muddati otgan'!C:C,A12,'muddati otgan'!J:J,"Kadastr yig‘majildini qabul qilish, arizani yakunlash") -> 0 | CY12: =+COUNTIFS('muddati otgan'!C:C,A12,'muddati otgan'!J:J,"Next Cloudga yuklash") -> 0 | CZ12: =+COUNTIFS('muddati otgan'!C:C,A12,'muddati otgan'!J:J,"Kelishish kutilmoqda") -> 0 | DA12: =+COUNTIFS('muddati otgan'!C:C,A12,'muddati otgan'!J:J,"Yakunlandi") -> 0 | DB12: =+COUNTIFS('muddati otgan'!C:C,A12,'muddati otgan'!J:J,"Rad etildi") -> 0 | DC12: =CK12+CZ12+DA12+DB12-D12 -> 0 | DD12: =COUNTIFS('jami 1-20 kunlik arizalar'!C:C,A:A,'jami 1-20 kunlik arizalar'!S:S,"1") -> 0 | DE12: =COUNTIFS('jami 1-20 kunlik arizalar'!C:C,A:A,'jami 1-20 kunlik arizalar'!S:S,"2") -> 0 | DF12: =COUNTIFS('jami 1-20 kunlik arizalar'!C:C,A:A,'jami 1-20 kunlik arizalar'!S:S,"3") -> 4 | DG12: =COUNTIFS('jami 1-20 kunlik arizalar'!C:C,A:A,'jami 1-20 kunlik arizalar'!S:S,"4") -> 1 | DH12: =COUNTIFS('jami 1-20 kunlik arizalar'!C:C,A:A,'jami 1-20 kunlik arizalar'!S:S,"5") -> 2 | DI12: =SUM(COUNTIFS('jami 1-20 kunlik arizalar'!C:C,A:A, 'jami 1-20 kunlik arizalar'!S:S, {6,7,8,9,10})) -> 4 | DJ12: =SUM(COUNTIFS('jami 1-20 kunlik arizalar'!C:C,A:A, 'jami 1-20 kunlik arizalar'!S:S, ">10")) -> 1
A13: 52812015980061 | C13: MARAJABOV RAHMONJON | D13: =+COUNTIFS('muddati otgan'!C:C,A13,'muddati otgan'!C:C,A13) -> 2 | E13: =SUMIFS('muddati otgan'!$V:V,'muddati otgan'!$C:C,$A:A) -> 0 | F13: =SUMIFS('muddati otgan'!$W:W,'muddati otgan'!$C:C,$A:A) -> 0 | G13: =SUMIFS('muddati otgan'!$U:U,'muddati otgan'!$C:C,$A:A) -> 2 | H13: =SUMIFS('muddati otgan'!$G:G,'muddati otgan'!$C:C,$A:A) -> 1 | I13: =SUMIFS('muddati otgan'!$H:H,'muddati otgan'!$C:C,$A:A) -> 1 | J13: =K13+P13+Q13+R13+S13+T13+U13+V13+W13+L13+O13+M13+N13+X13 -> 0 | K13: =+COUNTIFS('muddati otgan'!C:C,A13,'muddati otgan'!AA:AA,"Arizani qabul qilish") -> 0 | L13: =+COUNTIFS('muddati otgan'!C:C,A13,'muddati otgan'!J:J,"Arizani rad etish") -> 0 | M13: =+COUNTIFS('muddati otgan'!C:C,A13,'muddati otgan'!J:J,"Arizani tasdiqlash") -> 0 | N13: =+COUNTIFS('muddati otgan'!C:C,A13,'muddati otgan'!J:J,"Arizani yo'naltirish") -> 0 | O13: =+COUNTIFS('muddati otgan'!C:C,A13,'muddati otgan'!J:J,"Rad qilish sababini o'rganish") -> 0 | P13: =+COUNTIFS('muddati otgan'!C:C,A13,'muddati otgan'!J:J,"Ko'chmas mulkni UZKAD ga migratsiya qilish") -> 0 | Q13: =+COUNTIFS('muddati otgan'!C:C,A13,'muddati otgan'!J:J,"Migratisya qilingan obyekt holatini tekshirish") -> 0 | R13: =+COUNTIFS('muddati otgan'!C:C,A13,'muddati otgan'!J:J,"Ko‘chmas mulkni tanlash") -> 0 | S13: =+COUNTIFS('muddati otgan'!C:C,A13,'muddati otgan'!J:J,"Arizani ko'rib chiqish") -> 0 | T13: =+COUNTIFS('muddati otgan'!C:C,A13,'muddati otgan'!J:J,"Kadastr muhandisini tanlash") -> 0 | U13: =+COUNTIFS('muddati otgan'!C:C,A13,'muddati otgan'!J:J,"Ko'chmas mulk turini tanlahsh") -> 0 | V13: =+COUNTIFS('muddati otgan'!C:C,A13,'muddati otgan'!AA:AA,"Rad qilish") -> 0 | W13: =+COUNTIFS('muddati otgan'!C:C,A13,'muddati otgan'!J:J,"ijrochi tanlash") -> 0 | X13: =+COUNTIFS('muddati otgan'!C:C,A13,'muddati otgan'!J:J,"Ko'chmas mulk turini tanlash") -> 0 | Y13: =Z13+AD13+AF13+AE13+AC13+AB13+AA13 -> 0 | Z13: =+COUNTIFS('muddati otgan'!C:C,A13,'muddati otgan'!J:J,"Ijroga qabul qilish") -> 0 | AA13: =+COUNTIFS('muddati otgan'!C:C,A13,'muddati otgan'!J:J,"Joyida o'rganish va ma'lumotlarni kiritish") -> 0 | AB13: =+COUNTIFS('muddati otgan'!C:C,A13,'muddati otgan'!J:J,"Asosiy qismdan ajratish jarayonida") -> 0 | AC13: =+COUNTIFS('muddati otgan'!C:C,A13,'muddati otgan'!J:J,"Umumiy foydalanishdagi obyekt yaratilish") -> 0 | AD13: =+COUNTIFS('muddati otgan'!C:C,A13,'muddati otgan'!J:J,"Migratsiya qilinadigan kadastr raqamini kiritish") -> 0 | AE13: =+COUNTIFS('muddati otgan'!C:C,A13,'muddati otgan'!J:J,"O'zida qolgan obyektni yaratish") -> 0 | AF13: =+COUNTIFS('muddati otgan'!C:C,A13,'muddati otgan'!J:J,"O'lchov natijalarini kiritish") -> 0 | AG13: =+COUNTIFS('muddati otgan'!C:C,A13,'muddati otgan'!J:J,"Topoxaritani tayyorlash (dwg, pdf)") -> 0 | AH13: =AI13 -> 0 | AI13: =+COUNTIFS('muddati otgan'!C:C,A13,'muddati otgan'!J:J,"Yer uchastkasini yaratish") -> 0 | AJ13: =AK13 -> 0 | AK13: =+COUNTIFS('muddati otgan'!C:C,A13,'muddati otgan'!J:J,"Kelishish (Boshqarma)") -> 0 | AL13: =AM13+AN13+AO13 -> 0 | AM13: =+COUNTIFS('muddati otgan'!C:C,A13,'muddati otgan'!J:J,"Kelishish (DKP)") -> 0 | AN13: =+COUNTIFS('muddati otgan'!C:C,A13,'muddati otgan'!J:J,"Kelishish") -> 0 | AO13: =+COUNTIFS('muddati otgan'!C:C,A13,'muddati otgan'!J:J,"Kelishish (Registratsiya DKP)") -> 0 | AP13: =AQ13+AR13+AS13+AT13 -> 0 | AQ13: =+COUNTIFS('muddati otgan'!C:C,A13,'muddati otgan'!J:J,"Manzil biriktirish") -> 0 | AR13: =+COUNTIFS('muddati otgan'!C:C,A13,'muddati otgan'!J:J,"Bino va inshootlarni yaratish") -> 0 | AS13: =+COUNTIFS('muddati otgan'!C:C,A13,'muddati otgan'!J:J,"Dov daraxtlarni yaratish") -> 0 | AT13: =+COUNTIFS('muddati otgan'!C:C,A13,'muddati otgan'!J:J,"Yer uchastkasini tahrirlash") -> 0 | AU13: =AV13+AW13+AX13+AY13+AZ13 -> 0 | AV13: =+COUNTIFS('muddati otgan'!C:C,A13,'muddati otgan'!J:J,"Yer toifasi va maqsadini kiritish") -> 0 | AW13: =+COUNTIFS('muddati otgan'!C:C,A13,'muddati otgan'!J:J,"Auksion yer tekshirish") -> 0 | AX13: =+COUNTIFS('muddati otgan'!C:C,A13,'muddati otgan'!J:J,"Yer turlarini kiritish") -> 0 | AY13: =+COUNTIFS('muddati otgan'!C:C,A13,'muddati otgan'!J:J,"Ma'lumotlarni kiritish") -> 0 | AZ13: =+COUNTIFS('muddati otgan'!C:C,A13,'muddati otgan'!J:J,"Yer tekshirish") -> 0 | BA13: =BB13+BC13+BD13+BE13+BF13+BG13+BH13+BI13+BJ13+BK13 -> 0 | BB13: =+COUNTIFS('muddati otgan'!C:C,A13,'muddati otgan'!J:J,"Bino va inshoot ma'lumotlarini to‘ldirish") -> 0 | BC13: =+COUNTIFS('muddati otgan'!C:C,A13,'muddati otgan'!J:J,"Inventarizatsiya ma'lumotlarini to‘ldirish") -> 0 | BD13: =+COUNTIFS('muddati otgan'!C:C,A13,'muddati otgan'!J:J,"Yer uchastkasiga huquqiy hujjatlarni kiritsh") -> 0 | BE13: =+COUNTIFS('muddati otgan'!C:C,A13,'muddati otgan'!J:J,"Bino-inshootlarga huquqiy hujjatlarni kiritsh") -> 0 | BF13: =+COUNTIFS('muddati otgan'!C:C,A13,'muddati otgan'!J:J,"Kadastr qiymatini hisoblash va kiritish") -> 0 | BG13: =+COUNTIFS('muddati otgan'!C:C,A13,'muddati otgan'!J:J,"Kadastr raqam biriktirish") -> 0 | BH13: =+COUNTIFS('muddati otgan'!C:C,A13,'muddati otgan'!J:J,"Kadastr yig'ma jildni tayyorlash") -> 0 | BI13: =+COUNTIFS('muddati otgan'!C:C,A13,'muddati otgan'!J:J,"Huquqni yaratish") -> 0 | BJ13: =+COUNTIFS('muddati otgan'!C:C,A13,'muddati otgan'!J:J,"Hujjatlarni o'rganish") -> 0 | BK13: =+COUNTIFS('muddati otgan'!C:C,A13,'muddati otgan'!J:J,"Ma'lumotlarni tekshirish") -> 0 | BL13: =BM13+BN13+BP13+BO13+BQ13 -> 0 | BM13: =+COUNTIFS('muddati otgan'!C:C,A13,'muddati otgan'!J:J,"Tekshirish") -> 0 | BN13: =+COUNTIFS('muddati otgan'!C:C,A13,'muddati otgan'!J:J,"Hujjatlarni tekshirish") -> 0 | BO13: =+COUNTIFS('muddati otgan'!C:C,A13,'muddati otgan'!J:J,"Tasdiqlash") -> 0 | BP13: =+COUNTIFS('muddati otgan'!C:C,A13,'muddati otgan'!J:J,"tekshirish/tasdiqlash") -> 0 | BQ13: =+COUNTIFS('muddati otgan'!C:C,A13,'muddati otgan'!J:J,"Ma'lumotlarni tasdiqlash") -> 0 | BR13: =BS13+BU13+BV13+BW13+BX13+BY13-BT13 -> 0 | BS13: =+COUNTIFS('muddati otgan'!C:C,A13,'muddati otgan'!J:J,"Ro'yxatdan o'tkazish ma'lumotlarini tekshirish") -> 0 | BT13: =+COUNTIFS('muddati otgan'!C:C,A13,'muddati otgan'!J:J,"Kamchiliklar bo'yicha habarnoma yuborish va 3 kunga to'xtatish") -> 0 | BU13: =+COUNTIFS('muddati otgan'!C:C,A13,'muddati otgan'!J:J,"Hisobga olish") -> 0 | BV13: =+COUNTIFS('muddati otgan'!C:C,A13,'muddati otgan'!J:J,"Yer uchastkasiga huquq yaratish") -> 0 | BW13: =+COUNTIFS('muddati otgan'!C:C,A13,'muddati otgan'!J:J,"Bino-inshootga huquq yaratish") -> 0 | BX13: =+COUNTIFS('muddati otgan'!C:C,A13,'muddati otgan'!J:J,"Cheklov yaratish") -> 0 | BY13: =+COUNTIFS('muddati otgan'!C:C,A13,'muddati otgan'!J:J,"Taqiq yaratish") -> 0 | BZ13: =CA13 -> 0 | CA13: =+COUNTIFS('muddati otgan'!C:C,A13,'muddati otgan'!J:J,"Soliq maydonini tekshirish") -> 0 | CB13: =CC13 -> 0 | CC13: =+COUNTIFS('muddati otgan'!C:C,A13,'muddati otgan'!J:J,"Kadastr yig'majildini shakllantirish") -> 0 | CD13: =CE13+CF13+CG13+CI13+CJ13+CH13 -> 0 | CE13: =+COUNTIFS('muddati otgan'!C:C,A13,'muddati otgan'!J:J,"Kadastr passportini shakllantirish") -> 0 | CF13: =+COUNTIFS('muddati otgan'!C:C,A13,'muddati otgan'!J:J,"Yig'ma jildni tasdiqlash") -> 0 | CG13: =+COUNTIFS('muddati otgan'!C:C,A13,'muddati otgan'!J:J,"To'lov yoki bepul tasdiqlash") -> 0 | CH13: =+COUNTIFS('muddati otgan'!C:C,A13,'muddati otgan'!J:J,"Bog'liq arizani kutish") -> 0 | CI13: =+COUNTIFS('muddati otgan'!C:C,A13,'muddati otgan'!J:J,"To'lovga chiqarish") -> 0 | CJ13: =+COUNTIFS('muddati otgan'!C:C,A13,'muddati otgan'!J:J,"Hisobga qo'yish") -> 0 | CK13: =+COUNTIFS('muddati otgan'!C:C,A13,'muddati otgan'!J:J,"To'lov kutilmoqda") -> 0 | CL13: =CM13+CN13+CO13+CP13+CQ13+CR13+CS13+CT13 -> 0 | CM13: =+COUNTIFS('muddati otgan'!C:C,A13,'muddati otgan'!AA:AA,"Arizani qabul qilish2") -> 0 | CN13: =+COUNTIFS('muddati otgan'!C:C,A13,'muddati otgan'!J:J,"Huquqlarni tekshirish") -> 0 | CO13: =+COUNTIFS('muddati otgan'!C:C,A13,'muddati otgan'!J:J,"Ko'chmas mulkni ro'yhatdan o'tkazishga qabul qilish") -> 0 | CP13: =+COUNTIFS('muddati otgan'!C:C,A13,'muddati otgan'!J:J,"Ro'yxatdan o'tkazish") -> 0 | CQ13: =+COUNTIFS('muddati otgan'!C:C,A13,'muddati otgan'!J:J,"Kadastr pasporti va ko'chirmani yuborish") -> 0 | CR13: =+COUNTIFS('muddati otgan'!C:C,A13,'muddati otgan'!AA:AA,"Rad qilish2") -> 0 | CS13: =+COUNTIFS('muddati otgan'!C:C,A13,'muddati otgan'!J:J,"Ko'chirmani yuborish") -> 0 | CT13: =+COUNTIFS('muddati otgan'!C:C,A13,'muddati otgan'!J:J,"Ma‘lumotlarni tekshirish") -> 0 | CU13: =CV13 -> 0 | CV13: =+COUNTIFS('muddati otgan'!C:C,A13,'muddati otgan'!J:J,"Kadastr yig'majildini chop etish va arxiv ishiga tikish") -> 0 | CW13: =CX13+CY13 -> 0 | CX13: =+COUNTIFS('muddati otgan'!C:C,A13,'muddati otgan'!J:J,"Kadastr yig‘majildini qabul qilish, arizani yakunlash") -> 0 | CY13: =+COUNTIFS('muddati otgan'!C:C,A13,'muddati otgan'!J:J,"Next Cloudga yuklash") -> 0 | CZ13: =+COUNTIFS('muddati otgan'!C:C,A13,'muddati otgan'!J:J,"Kelishish kutilmoqda") -> 0 | DA13: =+COUNTIFS('muddati otgan'!C:C,A13,'muddati otgan'!J:J,"Yakunlandi") -> 2 | DB13: =+COUNTIFS('muddati otgan'!C:C,A13,'muddati otgan'!J:J,"Rad etildi") -> 0 | DC13: =CK13+CZ13+DA13+DB13-D13 -> 0 | DD13: =COUNTIFS('jami 1-20 kunlik arizalar'!C:C,A:A,'jami 1-20 kunlik arizalar'!S:S,"1") -> 0 | DE13: =COUNTIFS('jami 1-20 kunlik arizalar'!C:C,A:A,'jami 1-20 kunlik arizalar'!S:S,"2") -> 0 | DF13: =COUNTIFS('jami 1-20 kunlik arizalar'!C:C,A:A,'jami 1-20 kunlik arizalar'!S:S,"3") -> 3 | DG13: =COUNTIFS('jami 1-20 kunlik arizalar'!C:C,A:A,'jami 1-20 kunlik arizalar'!S:S,"4") -> 2 | DH13: =COUNTIFS('jami 1-20 kunlik arizalar'!C:C,A:A,'jami 1-20 kunlik arizalar'!S:S,"5") -> 1 | DI13: =SUM(COUNTIFS('jami 1-20 kunlik arizalar'!C:C,A:A, 'jami 1-20 kunlik arizalar'!S:S, {6,7,8,9,10})) -> 12 | DJ13: =SUM(COUNTIFS('jami 1-20 kunlik arizalar'!C:C,A:A, 'jami 1-20 kunlik arizalar'!S:S, ">10")) -> 9
A14: 31407932190092 | C14: MULLAJONOV SHAVKATJON | D14: =+COUNTIFS('muddati otgan'!C:C,A14,'muddati otgan'!C:C,A14) -> 3 | E14: =SUMIFS('muddati otgan'!$V:V,'muddati otgan'!$C:C,$A:A) -> 0 | F14: =SUMIFS('muddati otgan'!$W:W,'muddati otgan'!$C:C,$A:A) -> 0 | G14: =SUMIFS('muddati otgan'!$U:U,'muddati otgan'!$C:C,$A:A) -> 3 | H14: =SUMIFS('muddati otgan'!$G:G,'muddati otgan'!$C:C,$A:A) -> 1 | I14: =SUMIFS('muddati otgan'!$H:H,'muddati otgan'!$C:C,$A:A) -> 2 | J14: =K14+P14+Q14+R14+S14+T14+U14+V14+W14+L14+O14+M14+N14+X14 -> 0 | K14: =+COUNTIFS('muddati otgan'!C:C,A14,'muddati otgan'!AA:AA,"Arizani qabul qilish") -> 0 | L14: =+COUNTIFS('muddati otgan'!C:C,A14,'muddati otgan'!J:J,"Arizani rad etish") -> 0 | M14: =+COUNTIFS('muddati otgan'!C:C,A14,'muddati otgan'!J:J,"Arizani tasdiqlash") -> 0 | N14: =+COUNTIFS('muddati otgan'!C:C,A14,'muddati otgan'!J:J,"Arizani yo'naltirish") -> 0 | O14: =+COUNTIFS('muddati otgan'!C:C,A14,'muddati otgan'!J:J,"Rad qilish sababini o'rganish") -> 0 | P14: =+COUNTIFS('muddati otgan'!C:C,A14,'muddati otgan'!J:J,"Ko'chmas mulkni UZKAD ga migratsiya qilish") -> 0 | Q14: =+COUNTIFS('muddati otgan'!C:C,A14,'muddati otgan'!J:J,"Migratisya qilingan obyekt holatini tekshirish") -> 0 | R14: =+COUNTIFS('muddati otgan'!C:C,A14,'muddati otgan'!J:J,"Ko‘chmas mulkni tanlash") -> 0 | S14: =+COUNTIFS('muddati otgan'!C:C,A14,'muddati otgan'!J:J,"Arizani ko'rib chiqish") -> 0 | T14: =+COUNTIFS('muddati otgan'!C:C,A14,'muddati otgan'!J:J,"Kadastr muhandisini tanlash") -> 0 | U14: =+COUNTIFS('muddati otgan'!C:C,A14,'muddati otgan'!J:J,"Ko'chmas mulk turini tanlahsh") -> 0 | V14: =+COUNTIFS('muddati otgan'!C:C,A14,'muddati otgan'!AA:AA,"Rad qilish") -> 0 | W14: =+COUNTIFS('muddati otgan'!C:C,A14,'muddati otgan'!J:J,"ijrochi tanlash") -> 0 | X14: =+COUNTIFS('muddati otgan'!C:C,A14,'muddati otgan'!J:J,"Ko'chmas mulk turini tanlash") -> 0 | Y14: =Z14+AD14+AF14+AE14+AC14+AB14+AA14 -> 0 | Z14: =+COUNTIFS('muddati otgan'!C:C,A14,'muddati otgan'!J:J,"Ijroga qabul qilish") -> 0 | AA14: =+COUNTIFS('muddati otgan'!C:C,A14,'muddati otgan'!J:J,"Joyida o'rganish va ma'lumotlarni kiritish") -> 0 | AB14: =+COUNTIFS('muddati otgan'!C:C,A14,'muddati otgan'!J:J,"Asosiy qismdan ajratish jarayonida") -> 0 | AC14: =+COUNTIFS('muddati otgan'!C:C,A14,'muddati otgan'!J:J,"Umumiy foydalanishdagi obyekt yaratilish") -> 0 | AD14: =+COUNTIFS('muddati otgan'!C:C,A14,'muddati otgan'!J:J,"Migratsiya qilinadigan kadastr raqamini kiritish") -> 0 | AE14: =+COUNTIFS('muddati otgan'!C:C,A14,'muddati otgan'!J:J,"O'zida qolgan obyektni yaratish") -> 0 | AF14: =+COUNTIFS('muddati otgan'!C:C,A14,'muddati otgan'!J:J,"O'lchov natijalarini kiritish") -> 0 | AG14: =+COUNTIFS('muddati otgan'!C:C,A14,'muddati otgan'!J:J,"Topoxaritani tayyorlash (dwg, pdf)") -> 0 | AH14: =AI14 -> 0 | AI14: =+COUNTIFS('muddati otgan'!C:C,A14,'muddati otgan'!J:J,"Yer uchastkasini yaratish") -> 0 | AJ14: =AK14 -> 0 | AK14: =+COUNTIFS('muddati otgan'!C:C,A14,'muddati otgan'!J:J,"Kelishish (Boshqarma)") -> 0 | AL14: =AM14+AN14+AO14 -> 0 | AM14: =+COUNTIFS('muddati otgan'!C:C,A14,'muddati otgan'!J:J,"Kelishish (DKP)") -> 0 | AN14: =+COUNTIFS('muddati otgan'!C:C,A14,'muddati otgan'!J:J,"Kelishish") -> 0 | AO14: =+COUNTIFS('muddati otgan'!C:C,A14,'muddati otgan'!J:J,"Kelishish (Registratsiya DKP)") -> 0 | AP14: =AQ14+AR14+AS14+AT14 -> 0 | AQ14: =+COUNTIFS('muddati otgan'!C:C,A14,'muddati otgan'!J:J,"Manzil biriktirish") -> 0 | AR14: =+COUNTIFS('muddati otgan'!C:C,A14,'muddati otgan'!J:J,"Bino va inshootlarni yaratish") -> 0 | AS14: =+COUNTIFS('muddati otgan'!C:C,A14,'muddati otgan'!J:J,"Dov daraxtlarni yaratish") -> 0 | AT14: =+COUNTIFS('muddati otgan'!C:C,A14,'muddati otgan'!J:J,"Yer uchastkasini tahrirlash") -> 0 | AU14: =AV14+AW14+AX14+AY14+AZ14 -> 0 | AV14: =+COUNTIFS('muddati otgan'!C:C,A14,'muddati otgan'!J:J,"Yer toifasi va maqsadini kiritish") -> 0 | AW14: =+COUNTIFS('muddati otgan'!C:C,A14,'muddati otgan'!J:J,"Auksion yer tekshirish") -> 0 | AX14: =+COUNTIFS('muddati otgan'!C:C,A14,'muddati otgan'!J:J,"Yer turlarini kiritish") -> 0 | AY14: =+COUNTIFS('muddati otgan'!C:C,A14,'muddati otgan'!J:J,"Ma'lumotlarni kiritish") -> 0 | AZ14: =+COUNTIFS('muddati otgan'!C:C,A14,'muddati otgan'!J:J,"Yer tekshirish") -> 0 | BA14: =BB14+BC14+BD14+BE14+BF14+BG14+BH14+BI14+BJ14+BK14 -> 0 | BB14: =+COUNTIFS('muddati otgan'!C:C,A14,'muddati otgan'!J:J,"Bino va inshoot ma'lumotlarini to‘ldirish") -> 0 | BC14: =+COUNTIFS('muddati otgan'!C:C,A14,'muddati otgan'!J:J,"Inventarizatsiya ma'lumotlarini to‘ldirish") -> 0 | BD14: =+COUNTIFS('muddati otgan'!C:C,A14,'muddati otgan'!J:J,"Yer uchastkasiga huquqiy hujjatlarni kiritsh") -> 0 | BE14: =+COUNTIFS('muddati otgan'!C:C,A14,'muddati otgan'!J:J,"Bino-inshootlarga huquqiy hujjatlarni kiritsh") -> 0 | BF14: =+COUNTIFS('muddati otgan'!C:C,A14,'muddati otgan'!J:J,"Kadastr qiymatini hisoblash va kiritish") -> 0 | BG14: =+COUNTIFS('muddati otgan'!C:C,A14,'muddati otgan'!J:J,"Kadastr raqam biriktirish") -> 0 | BH14: =+COUNTIFS('muddati otgan'!C:C,A14,'muddati otgan'!J:J,"Kadastr yig'ma jildni tayyorlash") -> 0 | BI14: =+COUNTIFS('muddati otgan'!C:C,A14,'muddati otgan'!J:J,"Huquqni yaratish") -> 0 | BJ14: =+COUNTIFS('muddati otgan'!C:C,A14,'muddati otgan'!J:J,"Hujjatlarni o'rganish") -> 0 | BK14: =+COUNTIFS('muddati otgan'!C:C,A14,'muddati otgan'!J:J,"Ma'lumotlarni tekshirish") -> 0 | BL14: =BM14+BN14+BP14+BO14+BQ14 -> 0 | BM14: =+COUNTIFS('muddati otgan'!C:C,A14,'muddati otgan'!J:J,"Tekshirish") -> 0 | BN14: =+COUNTIFS('muddati otgan'!C:C,A14,'muddati otgan'!J:J,"Hujjatlarni tekshirish") -> 0 | BO14: =+COUNTIFS('muddati otgan'!C:C,A14,'muddati otgan'!J:J,"Tasdiqlash") -> 0 | BP14: =+COUNTIFS('muddati otgan'!C:C,A14,'muddati otgan'!J:J,"tekshirish/tasdiqlash") -> 0 | BQ14: =+COUNTIFS('muddati otgan'!C:C,A14,'muddati otgan'!J:J,"Ma'lumotlarni tasdiqlash") -> 0 | BR14: =BS14+BU14+BV14+BW14+BX14+BY14-BT14 -> 3 | BS14: =+COUNTIFS('muddati otgan'!C:C,A14,'muddati otgan'!J:J,"Ro'yxatdan o'tkazish ma'lumotlarini tekshirish") -> 3 | BT14: =+COUNTIFS('muddati otgan'!C:C,A14,'muddati otgan'!J:J,"Kamchiliklar bo'yicha habarnoma yuborish va 3 kunga to'xtatish") -> 0 | BU14: =+COUNTIFS('muddati otgan'!C:C,A14,'muddati otgan'!J:J,"Hisobga olish") -> 0 | BV14: =+COUNTIFS('muddati otgan'!C:C,A14,'muddati otgan'!J:J,"Yer uchastkasiga huquq yaratish") -> 0 | BW14: =+COUNTIFS('muddati otgan'!C:C,A14,'muddati otgan'!J:J,"Bino-inshootga huquq yaratish") -> 0 | BX14: =+COUNTIFS('muddati otgan'!C:C,A14,'muddati otgan'!J:J,"Cheklov yaratish") -> 0 | BY14: =+COUNTIFS('muddati otgan'!C:C,A14,'muddati otgan'!J:J,"Taqiq yaratish") -> 0 | BZ14: =CA14 -> 0 | CA14: =+COUNTIFS('muddati otgan'!C:C,A14,'muddati otgan'!J:J,"Soliq maydonini tekshirish") -> 0 | CB14: =CC14 -> 0 | CC14: =+COUNTIFS('muddati otgan'!C:C,A14,'muddati otgan'!J:J,"Kadastr yig'majildini shakllantirish") -> 0 | CD14: =CE14+CF14+CG14+CI14+CJ14+CH14 -> 0 | CE14: =+COUNTIFS('muddati otgan'!C:C,A14,'muddati otgan'!J:J,"Kadastr passportini shakllantirish") -> 0 | CF14: =+COUNTIFS('muddati otgan'!C:C,A14,'muddati otgan'!J:J,"Yig'ma jildni tasdiqlash") -> 0 | CG14: =+COUNTIFS('muddati otgan'!C:C,A14,'muddati otgan'!J:J,"To'lov yoki bepul tasdiqlash") -> 0 | CH14: =+COUNTIFS('muddati otgan'!C:C,A14,'muddati otgan'!J:J,"Bog'liq arizani kutish") -> 0 | CI14: =+COUNTIFS('muddati otgan'!C:C,A14,'muddati otgan'!J:J,"To'lovga chiqarish") -> 0 | CJ14: =+COUNTIFS('muddati otgan'!C:C,A14,'muddati otgan'!J:J,"Hisobga qo'yish") -> 0 | CK14: =+COUNTIFS('muddati otgan'!C:C,A14,'muddati otgan'!J:J,"To'lov kutilmoqda") -> 0 | CL14: =CM14+CN14+CO14+CP14+CQ14+CR14+CS14+CT14 -> 0 | CM14: =+COUNTIFS('muddati otgan'!C:C,A14,'muddati otgan'!AA:AA,"Arizani qabul qilish2") -> 0 | CN14: =+COUNTIFS('muddati otgan'!C:C,A14,'muddati otgan'!J:J,"Huquqlarni tekshirish") -> 0 | CO14: =+COUNTIFS('muddati otgan'!C:C,A14,'muddati otgan'!J:J,"Ko'chmas mulkni ro'yhatdan o'tkazishga qabul qilish") -> 0 | CP14: =+COUNTIFS('muddati otgan'!C:C,A14,'muddati otgan'!J:J,"Ro'yxatdan o'tkazish") -> 0 | CQ14: =+COUNTIFS('muddati otgan'!C:C,A14,'muddati otgan'!J:J,"Kadastr pasporti va ko'chirmani yuborish") -> 0 | CR14: =+COUNTIFS('muddati otgan'!C:C,A14,'muddati otgan'!AA:AA,"Rad qilish2") -> 0 | CS14: =+COUNTIFS('muddati otgan'!C:C,A14,'muddati otgan'!J:J,"Ko'chirmani yuborish") -> 0 | CT14: =+COUNTIFS('muddati otgan'!C:C,A14,'muddati otgan'!J:J,"Ma‘lumotlarni tekshirish") -> 0 | CU14: =CV14 -> 0 | CV14: =+COUNTIFS('muddati otgan'!C:C,A14,'muddati otgan'!J:J,"Kadastr yig'majildini chop etish va arxiv ishiga tikish") -> 0 | CW14: =CX14+CY14 -> 0 | CX14: =+COUNTIFS('muddati otgan'!C:C,A14,'muddati otgan'!J:J,"Kadastr yig‘majildini qabul qilish, arizani yakunlash") -> 0 | CY14: =+COUNTIFS('muddati otgan'!C:C,A14,'muddati otgan'!J:J,"Next Cloudga yuklash") -> 0 | CZ14: =+COUNTIFS('muddati otgan'!C:C,A14,'muddati otgan'!J:J,"Kelishish kutilmoqda") -> 0 | DA14: =+COUNTIFS('muddati otgan'!C:C,A14,'muddati otgan'!J:J,"Yakunlandi") -> 0 | DB14: =+COUNTIFS('muddati otgan'!C:C,A14,'muddati otgan'!J:J,"Rad etildi") -> 0 | DC14: =CK14+CZ14+DA14+DB14-D14 -> -3 | DD14: =COUNTIFS('jami 1-20 kunlik arizalar'!C:C,A:A,'jami 1-20 kunlik arizalar'!S:S,"1") -> 0 | DE14: =COUNTIFS('jami 1-20 kunlik arizalar'!C:C,A:A,'jami 1-20 kunlik arizalar'!S:S,"2") -> 0 | DF14: =COUNTIFS('jami 1-20 kunlik arizalar'!C:C,A:A,'jami 1-20 kunlik arizalar'!S:S,"3") -> 2 | DG14: =COUNTIFS('jami 1-20 kunlik arizalar'!C:C,A:A,'jami 1-20 kunlik arizalar'!S:S,"4") -> 0 | DH14: =COUNTIFS('jami 1-20 kunlik arizalar'!C:C,A:A,'jami 1-20 kunlik arizalar'!S:S,"5") -> 3 | DI14: =SUM(COUNTIFS('jami 1-20 kunlik arizalar'!C:C,A:A, 'jami 1-20 kunlik arizalar'!S:S, {6,7,8,9,10})) -> 10 | DJ14: =SUM(COUNTIFS('jami 1-20 kunlik arizalar'!C:C,A:A, 'jami 1-20 kunlik arizalar'!S:S, ">10")) -> 5
A15: 30507932190090 | C15: MURODILLAYEV MUHAMMADABDULLO | D15: =+COUNTIFS('muddati otgan'!C:C,A15,'muddati otgan'!C:C,A15) -> 1 | E15: =SUMIFS('muddati otgan'!$V:V,'muddati otgan'!$C:C,$A:A) -> 0 | F15: =SUMIFS('muddati otgan'!$W:W,'muddati otgan'!$C:C,$A:A) -> 0 | G15: =SUMIFS('muddati otgan'!$U:U,'muddati otgan'!$C:C,$A:A) -> 1 | H15: =SUMIFS('muddati otgan'!$G:G,'muddati otgan'!$C:C,$A:A) -> 1 | I15: =SUMIFS('muddati otgan'!$H:H,'muddati otgan'!$C:C,$A:A) -> 0 | J15: =K15+P15+Q15+R15+S15+T15+U15+V15+W15+L15+O15+M15+N15+X15 -> 0 | K15: =+COUNTIFS('muddati otgan'!C:C,A15,'muddati otgan'!AA:AA,"Arizani qabul qilish") -> 0 | L15: =+COUNTIFS('muddati otgan'!C:C,A15,'muddati otgan'!J:J,"Arizani rad etish") -> 0 | M15: =+COUNTIFS('muddati otgan'!C:C,A15,'muddati otgan'!J:J,"Arizani tasdiqlash") -> 0 | N15: =+COUNTIFS('muddati otgan'!C:C,A15,'muddati otgan'!J:J,"Arizani yo'naltirish") -> 0 | O15: =+COUNTIFS('muddati otgan'!C:C,A15,'muddati otgan'!J:J,"Rad qilish sababini o'rganish") -> 0 | P15: =+COUNTIFS('muddati otgan'!C:C,A15,'muddati otgan'!J:J,"Ko'chmas mulkni UZKAD ga migratsiya qilish") -> 0 | Q15: =+COUNTIFS('muddati otgan'!C:C,A15,'muddati otgan'!J:J,"Migratisya qilingan obyekt holatini tekshirish") -> 0 | R15: =+COUNTIFS('muddati otgan'!C:C,A15,'muddati otgan'!J:J,"Ko‘chmas mulkni tanlash") -> 0 | S15: =+COUNTIFS('muddati otgan'!C:C,A15,'muddati otgan'!J:J,"Arizani ko'rib chiqish") -> 0 | T15: =+COUNTIFS('muddati otgan'!C:C,A15,'muddati otgan'!J:J,"Kadastr muhandisini tanlash") -> 0 | U15: =+COUNTIFS('muddati otgan'!C:C,A15,'muddati otgan'!J:J,"Ko'chmas mulk turini tanlahsh") -> 0 | V15: =+COUNTIFS('muddati otgan'!C:C,A15,'muddati otgan'!AA:AA,"Rad qilish") -> 0 | W15: =+COUNTIFS('muddati otgan'!C:C,A15,'muddati otgan'!J:J,"ijrochi tanlash") -> 0 | X15: =+COUNTIFS('muddati otgan'!C:C,A15,'muddati otgan'!J:J,"Ko'chmas mulk turini tanlash") -> 0 | Y15: =Z15+AD15+AF15+AE15+AC15+AB15+AA15 -> 0 | Z15: =+COUNTIFS('muddati otgan'!C:C,A15,'muddati otgan'!J:J,"Ijroga qabul qilish") -> 0 | AA15: =+COUNTIFS('muddati otgan'!C:C,A15,'muddati otgan'!J:J,"Joyida o'rganish va ma'lumotlarni kiritish") -> 0 | AB15: =+COUNTIFS('muddati otgan'!C:C,A15,'muddati otgan'!J:J,"Asosiy qismdan ajratish jarayonida") -> 0 | AC15: =+COUNTIFS('muddati otgan'!C:C,A15,'muddati otgan'!J:J,"Umumiy foydalanishdagi obyekt yaratilish") -> 0 | AD15: =+COUNTIFS('muddati otgan'!C:C,A15,'muddati otgan'!J:J,"Migratsiya qilinadigan kadastr raqamini kiritish") -> 0 | AE15: =+COUNTIFS('muddati otgan'!C:C,A15,'muddati otgan'!J:J,"O'zida qolgan obyektni yaratish") -> 0 | AF15: =+COUNTIFS('muddati otgan'!C:C,A15,'muddati otgan'!J:J,"O'lchov natijalarini kiritish") -> 0 | AG15: =+COUNTIFS('muddati otgan'!C:C,A15,'muddati otgan'!J:J,"Topoxaritani tayyorlash (dwg, pdf)") -> 0 | AH15: =AI15 -> 0 | AI15: =+COUNTIFS('muddati otgan'!C:C,A15,'muddati otgan'!J:J,"Yer uchastkasini yaratish") -> 0 | AJ15: =AK15 -> 0 | AK15: =+COUNTIFS('muddati otgan'!C:C,A15,'muddati otgan'!J:J,"Kelishish (Boshqarma)") -> 0 | AL15: =AM15+AN15+AO15 -> 0 | AM15: =+COUNTIFS('muddati otgan'!C:C,A15,'muddati otgan'!J:J,"Kelishish (DKP)") -> 0 | AN15: =+COUNTIFS('muddati otgan'!C:C,A15,'muddati otgan'!J:J,"Kelishish") -> 0 | AO15: =+COUNTIFS('muddati otgan'!C:C,A15,'muddati otgan'!J:J,"Kelishish (Registratsiya DKP)") -> 0 | AP15: =AQ15+AR15+AS15+AT15 -> 0 | AQ15: =+COUNTIFS('muddati otgan'!C:C,A15,'muddati otgan'!J:J,"Manzil biriktirish") -> 0 | AR15: =+COUNTIFS('muddati otgan'!C:C,A15,'muddati otgan'!J:J,"Bino va inshootlarni yaratish") -> 0 | AS15: =+COUNTIFS('muddati otgan'!C:C,A15,'muddati otgan'!J:J,"Dov daraxtlarni yaratish") -> 0 | AT15: =+COUNTIFS('muddati otgan'!C:C,A15,'muddati otgan'!J:J,"Yer uchastkasini tahrirlash") -> 0 | AU15: =AV15+AW15+AX15+AY15+AZ15 -> 0 | AV15: =+COUNTIFS('muddati otgan'!C:C,A15,'muddati otgan'!J:J,"Yer toifasi va maqsadini kiritish") -> 0 | AW15: =+COUNTIFS('muddati otgan'!C:C,A15,'muddati otgan'!J:J,"Auksion yer tekshirish") -> 0 | AX15: =+COUNTIFS('muddati otgan'!C:C,A15,'muddati otgan'!J:J,"Yer turlarini kiritish") -> 0 | AY15: =+COUNTIFS('muddati otgan'!C:C,A15,'muddati otgan'!J:J,"Ma'lumotlarni kiritish") -> 0 | AZ15: =+COUNTIFS('muddati otgan'!C:C,A15,'muddati otgan'!J:J,"Yer tekshirish") -> 0 | BA15: =BB15+BC15+BD15+BE15+BF15+BG15+BH15+BI15+BJ15+BK15 -> 0 | BB15: =+COUNTIFS('muddati otgan'!C:C,A15,'muddati otgan'!J:J,"Bino va inshoot ma'lumotlarini to‘ldirish") -> 0 | BC15: =+COUNTIFS('muddati otgan'!C:C,A15,'muddati otgan'!J:J,"Inventarizatsiya ma'lumotlarini to‘ldirish") -> 0 | BD15: =+COUNTIFS('muddati otgan'!C:C,A15,'muddati otgan'!J:J,"Yer uchastkasiga huquqiy hujjatlarni kiritsh") -> 0 | BE15: =+COUNTIFS('muddati otgan'!C:C,A15,'muddati otgan'!J:J,"Bino-inshootlarga huquqiy hujjatlarni kiritsh") -> 0 | BF15: =+COUNTIFS('muddati otgan'!C:C,A15,'muddati otgan'!J:J,"Kadastr qiymatini hisoblash va kiritish") -> 0 | BG15: =+COUNTIFS('muddati otgan'!C:C,A15,'muddati otgan'!J:J,"Kadastr raqam biriktirish") -> 0 | BH15: =+COUNTIFS('muddati otgan'!C:C,A15,'muddati otgan'!J:J,"Kadastr yig'ma jildni tayyorlash") -> 0 | BI15: =+COUNTIFS('muddati otgan'!C:C,A15,'muddati otgan'!J:J,"Huquqni yaratish") -> 0 | BJ15: =+COUNTIFS('muddati otgan'!C:C,A15,'muddati otgan'!J:J,"Hujjatlarni o'rganish") -> 0 | BK15: =+COUNTIFS('muddati otgan'!C:C,A15,'muddati otgan'!J:J,"Ma'lumotlarni tekshirish") -> 0 | BL15: =BM15+BN15+BP15+BO15+BQ15 -> 0 | BM15: =+COUNTIFS('muddati otgan'!C:C,A15,'muddati otgan'!J:J,"Tekshirish") -> 0 | BN15: =+COUNTIFS('muddati otgan'!C:C,A15,'muddati otgan'!J:J,"Hujjatlarni tekshirish") -> 0 | BO15: =+COUNTIFS('muddati otgan'!C:C,A15,'muddati otgan'!J:J,"Tasdiqlash") -> 0 | BP15: =+COUNTIFS('muddati otgan'!C:C,A15,'muddati otgan'!J:J,"tekshirish/tasdiqlash") -> 0 | BQ15: =+COUNTIFS('muddati otgan'!C:C,A15,'muddati otgan'!J:J,"Ma'lumotlarni tasdiqlash") -> 0 | BR15: =BS15+BU15+BV15+BW15+BX15+BY15-BT15 -> 0 | BS15: =+COUNTIFS('muddati otgan'!C:C,A15,'muddati otgan'!J:J,"Ro'yxatdan o'tkazish ma'lumotlarini tekshirish") -> 0 | BT15: =+COUNTIFS('muddati otgan'!C:C,A15,'muddati otgan'!J:J,"Kamchiliklar bo'yicha habarnoma yuborish va 3 kunga to'xtatish") -> 0 | BU15: =+COUNTIFS('muddati otgan'!C:C,A15,'muddati otgan'!J:J,"Hisobga olish") -> 0 | BV15: =+COUNTIFS('muddati otgan'!C:C,A15,'muddati otgan'!J:J,"Yer uchastkasiga huquq yaratish") -> 0 | BW15: =+COUNTIFS('muddati otgan'!C:C,A15,'muddati otgan'!J:J,"Bino-inshootga huquq yaratish") -> 0 | BX15: =+COUNTIFS('muddati otgan'!C:C,A15,'muddati otgan'!J:J,"Cheklov yaratish") -> 0 | BY15: =+COUNTIFS('muddati otgan'!C:C,A15,'muddati otgan'!J:J,"Taqiq yaratish") -> 0 | BZ15: =CA15 -> 0 | CA15: =+COUNTIFS('muddati otgan'!C:C,A15,'muddati otgan'!J:J,"Soliq maydonini tekshirish") -> 0 | CB15: =CC15 -> 0 | CC15: =+COUNTIFS('muddati otgan'!C:C,A15,'muddati otgan'!J:J,"Kadastr yig'majildini shakllantirish") -> 0 | CD15: =CE15+CF15+CG15+CI15+CJ15+CH15 -> 0 | CE15: =+COUNTIFS('muddati otgan'!C:C,A15,'muddati otgan'!J:J,"Kadastr passportini shakllantirish") -> 0 | CF15: =+COUNTIFS('muddati otgan'!C:C,A15,'muddati otgan'!J:J,"Yig'ma jildni tasdiqlash") -> 0 | CG15: =+COUNTIFS('muddati otgan'!C:C,A15,'muddati otgan'!J:J,"To'lov yoki bepul tasdiqlash") -> 0 | CH15: =+COUNTIFS('muddati otgan'!C:C,A15,'muddati otgan'!J:J,"Bog'liq arizani kutish") -> 0 | CI15: =+COUNTIFS('muddati otgan'!C:C,A15,'muddati otgan'!J:J,"To'lovga chiqarish") -> 0 | CJ15: =+COUNTIFS('muddati otgan'!C:C,A15,'muddati otgan'!J:J,"Hisobga qo'yish") -> 0 | CK15: =+COUNTIFS('muddati otgan'!C:C,A15,'muddati otgan'!J:J,"To'lov kutilmoqda") -> 1 | CL15: =CM15+CN15+CO15+CP15+CQ15+CR15+CS15+CT15 -> 0 | CM15: =+COUNTIFS('muddati otgan'!C:C,A15,'muddati otgan'!AA:AA,"Arizani qabul qilish2") -> 0 | CN15: =+COUNTIFS('muddati otgan'!C:C,A15,'muddati otgan'!J:J,"Huquqlarni tekshirish") -> 0 | CO15: =+COUNTIFS('muddati otgan'!C:C,A15,'muddati otgan'!J:J,"Ko'chmas mulkni ro'yhatdan o'tkazishga qabul qilish") -> 0 | CP15: =+COUNTIFS('muddati otgan'!C:C,A15,'muddati otgan'!J:J,"Ro'yxatdan o'tkazish") -> 0 | CQ15: =+COUNTIFS('muddati otgan'!C:C,A15,'muddati otgan'!J:J,"Kadastr pasporti va ko'chirmani yuborish") -> 0 | CR15: =+COUNTIFS('muddati otgan'!C:C,A15,'muddati otgan'!AA:AA,"Rad qilish2") -> 0 | CS15: =+COUNTIFS('muddati otgan'!C:C,A15,'muddati otgan'!J:J,"Ko'chirmani yuborish") -> 0 | CT15: =+COUNTIFS('muddati otgan'!C:C,A15,'muddati otgan'!J:J,"Ma‘lumotlarni tekshirish") -> 0 | CU15: =CV15 -> 0 | CV15: =+COUNTIFS('muddati otgan'!C:C,A15,'muddati otgan'!J:J,"Kadastr yig'majildini chop etish va arxiv ishiga tikish") -> 0 | CW15: =CX15+CY15 -> 0 | CX15: =+COUNTIFS('muddati otgan'!C:C,A15,'muddati otgan'!J:J,"Kadastr yig‘majildini qabul qilish, arizani yakunlash") -> 0 | CY15: =+COUNTIFS('muddati otgan'!C:C,A15,'muddati otgan'!J:J,"Next Cloudga yuklash") -> 0 | CZ15: =+COUNTIFS('muddati otgan'!C:C,A15,'muddati otgan'!J:J,"Kelishish kutilmoqda") -> 0 | DA15: =+COUNTIFS('muddati otgan'!C:C,A15,'muddati otgan'!J:J,"Yakunlandi") -> 0 | DB15: =+COUNTIFS('muddati otgan'!C:C,A15,'muddati otgan'!J:J,"Rad etildi") -> 0 | DC15: =CK15+CZ15+DA15+DB15-D15 -> 0 | DD15: =COUNTIFS('jami 1-20 kunlik arizalar'!C:C,A:A,'jami 1-20 kunlik arizalar'!S:S,"1") -> 0 | DE15: =COUNTIFS('jami 1-20 kunlik arizalar'!C:C,A:A,'jami 1-20 kunlik arizalar'!S:S,"2") -> 0 | DF15: =COUNTIFS('jami 1-20 kunlik arizalar'!C:C,A:A,'jami 1-20 kunlik arizalar'!S:S,"3") -> 1 | DG15: =COUNTIFS('jami 1-20 kunlik arizalar'!C:C,A:A,'jami 1-20 kunlik arizalar'!S:S,"4") -> 1 | DH15: =COUNTIFS('jami 1-20 kunlik arizalar'!C:C,A:A,'jami 1-20 kunlik arizalar'!S:S,"5") -> 0 | DI15: =SUM(COUNTIFS('jami 1-20 kunlik arizalar'!C:C,A:A, 'jami 1-20 kunlik arizalar'!S:S, {6,7,8,9,10})) -> 7 | DJ15: =SUM(COUNTIFS('jami 1-20 kunlik arizalar'!C:C,A:A, 'jami 1-20 kunlik arizalar'!S:S, ">10")) -> 1
A16: 32503912190045 | C16: MUYDINOV MUZAFFAR | D16: =+COUNTIFS('muddati otgan'!C:C,A16,'muddati otgan'!C:C,A16) -> 2 | E16: =SUMIFS('muddati otgan'!$V:V,'muddati otgan'!$C:C,$A:A) -> 1 | F16: =SUMIFS('muddati otgan'!$W:W,'muddati otgan'!$C:C,$A:A) -> 0 | G16: =SUMIFS('muddati otgan'!$U:U,'muddati otgan'!$C:C,$A:A) -> 1 | H16: =SUMIFS('muddati otgan'!$G:G,'muddati otgan'!$C:C,$A:A) -> 2 | I16: =SUMIFS('muddati otgan'!$H:H,'muddati otgan'!$C:C,$A:A) -> 0 | J16: =K16+P16+Q16+R16+S16+T16+U16+V16+W16+L16+O16+M16+N16+X16 -> 0 | K16: =+COUNTIFS('muddati otgan'!C:C,A16,'muddati otgan'!AA:AA,"Arizani qabul qilish") -> 0 | L16: =+COUNTIFS('muddati otgan'!C:C,A16,'muddati otgan'!J:J,"Arizani rad etish") -> 0 | M16: =+COUNTIFS('muddati otgan'!C:C,A16,'muddati otgan'!J:J,"Arizani tasdiqlash") -> 0 | N16: =+COUNTIFS('muddati otgan'!C:C,A16,'muddati otgan'!J:J,"Arizani yo'naltirish") -> 0 | O16: =+COUNTIFS('muddati otgan'!C:C,A16,'muddati otgan'!J:J,"Rad qilish sababini o'rganish") -> 0 | P16: =+COUNTIFS('muddati otgan'!C:C,A16,'muddati otgan'!J:J,"Ko'chmas mulkni UZKAD ga migratsiya qilish") -> 0 | Q16: =+COUNTIFS('muddati otgan'!C:C,A16,'muddati otgan'!J:J,"Migratisya qilingan obyekt holatini tekshirish") -> 0 | R16: =+COUNTIFS('muddati otgan'!C:C,A16,'muddati otgan'!J:J,"Ko‘chmas mulkni tanlash") -> 0 | S16: =+COUNTIFS('muddati otgan'!C:C,A16,'muddati otgan'!J:J,"Arizani ko'rib chiqish") -> 0 | T16: =+COUNTIFS('muddati otgan'!C:C,A16,'muddati otgan'!J:J,"Kadastr muhandisini tanlash") -> 0 | U16: =+COUNTIFS('muddati otgan'!C:C,A16,'muddati otgan'!J:J,"Ko'chmas mulk turini tanlahsh") -> 0 | V16: =+COUNTIFS('muddati otgan'!C:C,A16,'muddati otgan'!AA:AA,"Rad qilish") -> 0 | W16: =+COUNTIFS('muddati otgan'!C:C,A16,'muddati otgan'!J:J,"ijrochi tanlash") -> 0 | X16: =+COUNTIFS('muddati otgan'!C:C,A16,'muddati otgan'!J:J,"Ko'chmas mulk turini tanlash") -> 0 | Y16: =Z16+AD16+AF16+AE16+AC16+AB16+AA16 -> 0 | Z16: =+COUNTIFS('muddati otgan'!C:C,A16,'muddati otgan'!J:J,"Ijroga qabul qilish") -> 0 | AA16: =+COUNTIFS('muddati otgan'!C:C,A16,'muddati otgan'!J:J,"Joyida o'rganish va ma'lumotlarni kiritish") -> 0 | AB16: =+COUNTIFS('muddati otgan'!C:C,A16,'muddati otgan'!J:J,"Asosiy qismdan ajratish jarayonida") -> 0 | AC16: =+COUNTIFS('muddati otgan'!C:C,A16,'muddati otgan'!J:J,"Umumiy foydalanishdagi obyekt yaratilish") -> 0 | AD16: =+COUNTIFS('muddati otgan'!C:C,A16,'muddati otgan'!J:J,"Migratsiya qilinadigan kadastr raqamini kiritish") -> 0 | AE16: =+COUNTIFS('muddati otgan'!C:C,A16,'muddati otgan'!J:J,"O'zida qolgan obyektni yaratish") -> 0 | AF16: =+COUNTIFS('muddati otgan'!C:C,A16,'muddati otgan'!J:J,"O'lchov natijalarini kiritish") -> 0 | AG16: =+COUNTIFS('muddati otgan'!C:C,A16,'muddati otgan'!J:J,"Topoxaritani tayyorlash (dwg, pdf)") -> 0 | AH16: =AI16 -> 0 | AI16: =+COUNTIFS('muddati otgan'!C:C,A16,'muddati otgan'!J:J,"Yer uchastkasini yaratish") -> 0 | AJ16: =AK16 -> 0 | AK16: =+COUNTIFS('muddati otgan'!C:C,A16,'muddati otgan'!J:J,"Kelishish (Boshqarma)") -> 0 | AL16: =AM16+AN16+AO16 -> 0 | AM16: =+COUNTIFS('muddati otgan'!C:C,A16,'muddati otgan'!J:J,"Kelishish (DKP)") -> 0 | AN16: =+COUNTIFS('muddati otgan'!C:C,A16,'muddati otgan'!J:J,"Kelishish") -> 0 | AO16: =+COUNTIFS('muddati otgan'!C:C,A16,'muddati otgan'!J:J,"Kelishish (Registratsiya DKP)") -> 0 | AP16: =AQ16+AR16+AS16+AT16 -> 0 | AQ16: =+COUNTIFS('muddati otgan'!C:C,A16,'muddati otgan'!J:J,"Manzil biriktirish") -> 0 | AR16: =+COUNTIFS('muddati otgan'!C:C,A16,'muddati otgan'!J:J,"Bino va inshootlarni yaratish") -> 0 | AS16: =+COUNTIFS('muddati otgan'!C:C,A16,'muddati otgan'!J:J,"Dov daraxtlarni yaratish") -> 0 | AT16: =+COUNTIFS('muddati otgan'!C:C,A16,'muddati otgan'!J:J,"Yer uchastkasini tahrirlash") -> 0 | AU16: =AV16+AW16+AX16+AY16+AZ16 -> 0 | AV16: =+COUNTIFS('muddati otgan'!C:C,A16,'muddati otgan'!J:J,"Yer toifasi va maqsadini kiritish") -> 0 | AW16: =+COUNTIFS('muddati otgan'!C:C,A16,'muddati otgan'!J:J,"Auksion yer tekshirish") -> 0 | AX16: =+COUNTIFS('muddati otgan'!C:C,A16,'muddati otgan'!J:J,"Yer turlarini kiritish") -> 0 | AY16: =+COUNTIFS('muddati otgan'!C:C,A16,'muddati otgan'!J:J,"Ma'lumotlarni kiritish") -> 0 | AZ16: =+COUNTIFS('muddati otgan'!C:C,A16,'muddati otgan'!J:J,"Yer tekshirish") -> 0 | BA16: =BB16+BC16+BD16+BE16+BF16+BG16+BH16+BI16+BJ16+BK16 -> 0 | BB16: =+COUNTIFS('muddati otgan'!C:C,A16,'muddati otgan'!J:J,"Bino va inshoot ma'lumotlarini to‘ldirish") -> 0 | BC16: =+COUNTIFS('muddati otgan'!C:C,A16,'muddati otgan'!J:J,"Inventarizatsiya ma'lumotlarini to‘ldirish") -> 0 | BD16: =+COUNTIFS('muddati otgan'!C:C,A16,'muddati otgan'!J:J,"Yer uchastkasiga huquqiy hujjatlarni kiritsh") -> 0 | BE16: =+COUNTIFS('muddati otgan'!C:C,A16,'muddati otgan'!J:J,"Bino-inshootlarga huquqiy hujjatlarni kiritsh") -> 0 | BF16: =+COUNTIFS('muddati otgan'!C:C,A16,'muddati otgan'!J:J,"Kadastr qiymatini hisoblash va kiritish") -> 0 | BG16: =+COUNTIFS('muddati otgan'!C:C,A16,'muddati otgan'!J:J,"Kadastr raqam biriktirish") -> 0 | BH16: =+COUNTIFS('muddati otgan'!C:C,A16,'muddati otgan'!J:J,"Kadastr yig'ma jildni tayyorlash") -> 0 | BI16: =+COUNTIFS('muddati otgan'!C:C,A16,'muddati otgan'!J:J,"Huquqni yaratish") -> 0 | BJ16: =+COUNTIFS('muddati otgan'!C:C,A16,'muddati otgan'!J:J,"Hujjatlarni o'rganish") -> 0 | BK16: =+COUNTIFS('muddati otgan'!C:C,A16,'muddati otgan'!J:J,"Ma'lumotlarni tekshirish") -> 0 | BL16: =BM16+BN16+BP16+BO16+BQ16 -> 0 | BM16: =+COUNTIFS('muddati otgan'!C:C,A16,'muddati otgan'!J:J,"Tekshirish") -> 0 | BN16: =+COUNTIFS('muddati otgan'!C:C,A16,'muddati otgan'!J:J,"Hujjatlarni tekshirish") -> 0 | BO16: =+COUNTIFS('muddati otgan'!C:C,A16,'muddati otgan'!J:J,"Tasdiqlash") -> 0 | BP16: =+COUNTIFS('muddati otgan'!C:C,A16,'muddati otgan'!J:J,"tekshirish/tasdiqlash") -> 0 | BQ16: =+COUNTIFS('muddati otgan'!C:C,A16,'muddati otgan'!J:J,"Ma'lumotlarni tasdiqlash") -> 0 | BR16: =BS16+BU16+BV16+BW16+BX16+BY16-BT16 -> 0 | BS16: =+COUNTIFS('muddati otgan'!C:C,A16,'muddati otgan'!J:J,"Ro'yxatdan o'tkazish ma'lumotlarini tekshirish") -> 0 | BT16: =+COUNTIFS('muddati otgan'!C:C,A16,'muddati otgan'!J:J,"Kamchiliklar bo'yicha habarnoma yuborish va 3 kunga to'xtatish") -> 0 | BU16: =+COUNTIFS('muddati otgan'!C:C,A16,'muddati otgan'!J:J,"Hisobga olish") -> 0 | BV16: =+COUNTIFS('muddati otgan'!C:C,A16,'muddati otgan'!J:J,"Yer uchastkasiga huquq yaratish") -> 0 | BW16: =+COUNTIFS('muddati otgan'!C:C,A16,'muddati otgan'!J:J,"Bino-inshootga huquq yaratish") -> 0 | BX16: =+COUNTIFS('muddati otgan'!C:C,A16,'muddati otgan'!J:J,"Cheklov yaratish") -> 0 | BY16: =+COUNTIFS('muddati otgan'!C:C,A16,'muddati otgan'!J:J,"Taqiq yaratish") -> 0 | BZ16: =CA16 -> 0 | CA16: =+COUNTIFS('muddati otgan'!C:C,A16,'muddati otgan'!J:J,"Soliq maydonini tekshirish") -> 0 | CB16: =CC16 -> 0 | CC16: =+COUNTIFS('muddati otgan'!C:C,A16,'muddati otgan'!J:J,"Kadastr yig'majildini shakllantirish") -> 0 | CD16: =CE16+CF16+CG16+CI16+CJ16+CH16 -> 0 | CE16: =+COUNTIFS('muddati otgan'!C:C,A16,'muddati otgan'!J:J,"Kadastr passportini shakllantirish") -> 0 | CF16: =+COUNTIFS('muddati otgan'!C:C,A16,'muddati otgan'!J:J,"Yig'ma jildni tasdiqlash") -> 0 | CG16: =+COUNTIFS('muddati otgan'!C:C,A16,'muddati otgan'!J:J,"To'lov yoki bepul tasdiqlash") -> 0 | CH16: =+COUNTIFS('muddati otgan'!C:C,A16,'muddati otgan'!J:J,"Bog'liq arizani kutish") -> 0 | CI16: =+COUNTIFS('muddati otgan'!C:C,A16,'muddati otgan'!J:J,"To'lovga chiqarish") -> 0 | CJ16: =+COUNTIFS('muddati otgan'!C:C,A16,'muddati otgan'!J:J,"Hisobga qo'yish") -> 0 | CK16: =+COUNTIFS('muddati otgan'!C:C,A16,'muddati otgan'!J:J,"To'lov kutilmoqda") -> 0 | CL16: =CM16+CN16+CO16+CP16+CQ16+CR16+CS16+CT16 -> 0 | CM16: =+COUNTIFS('muddati otgan'!C:C,A16,'muddati otgan'!AA:AA,"Arizani qabul qilish2") -> 0 | CN16: =+COUNTIFS('muddati otgan'!C:C,A16,'muddati otgan'!J:J,"Huquqlarni tekshirish") -> 0 | CO16: =+COUNTIFS('muddati otgan'!C:C,A16,'muddati otgan'!J:J,"Ko'chmas mulkni ro'yhatdan o'tkazishga qabul qilish") -> 0 | CP16: =+COUNTIFS('muddati otgan'!C:C,A16,'muddati otgan'!J:J,"Ro'yxatdan o'tkazish") -> 0 | CQ16: =+COUNTIFS('muddati otgan'!C:C,A16,'muddati otgan'!J:J,"Kadastr pasporti va ko'chirmani yuborish") -> 0 | CR16: =+COUNTIFS('muddati otgan'!C:C,A16,'muddati otgan'!AA:AA,"Rad qilish2") -> 0 | CS16: =+COUNTIFS('muddati otgan'!C:C,A16,'muddati otgan'!J:J,"Ko'chirmani yuborish") -> 0 | CT16: =+COUNTIFS('muddati otgan'!C:C,A16,'muddati otgan'!J:J,"Ma‘lumotlarni tekshirish") -> 0 | CU16: =CV16 -> 0 | CV16: =+COUNTIFS('muddati otgan'!C:C,A16,'muddati otgan'!J:J,"Kadastr yig'majildini chop etish va arxiv ishiga tikish") -> 0 | CW16: =CX16+CY16 -> 0 | CX16: =+COUNTIFS('muddati otgan'!C:C,A16,'muddati otgan'!J:J,"Kadastr yig‘majildini qabul qilish, arizani yakunlash") -> 0 | CY16: =+COUNTIFS('muddati otgan'!C:C,A16,'muddati otgan'!J:J,"Next Cloudga yuklash") -> 0 | CZ16: =+COUNTIFS('muddati otgan'!C:C,A16,'muddati otgan'!J:J,"Kelishish kutilmoqda") -> 0 | DA16: =+COUNTIFS('muddati otgan'!C:C,A16,'muddati otgan'!J:J,"Yakunlandi") -> 2 | DB16: =+COUNTIFS('muddati otgan'!C:C,A16,'muddati otgan'!J:J,"Rad etildi") -> 0 | DC16: =CK16+CZ16+DA16+DB16-D16 -> 0 | DD16: =COUNTIFS('jami 1-20 kunlik arizalar'!C:C,A:A,'jami 1-20 kunlik arizalar'!S:S,"1") -> 0 | DE16: =COUNTIFS('jami 1-20 kunlik arizalar'!C:C,A:A,'jami 1-20 kunlik arizalar'!S:S,"2") -> 0 | DF16: =COUNTIFS('jami 1-20 kunlik arizalar'!C:C,A:A,'jami 1-20 kunlik arizalar'!S:S,"3") -> 2 | DG16: =COUNTIFS('jami 1-20 kunlik arizalar'!C:C,A:A,'jami 1-20 kunlik arizalar'!S:S,"4") -> 0 | DH16: =COUNTIFS('jami 1-20 kunlik arizalar'!C:C,A:A,'jami 1-20 kunlik arizalar'!S:S,"5") -> 0 | DI16: =SUM(COUNTIFS('jami 1-20 kunlik arizalar'!C:C,A:A, 'jami 1-20 kunlik arizalar'!S:S, {6,7,8,9,10})) -> 2 | DJ16: =SUM(COUNTIFS('jami 1-20 kunlik arizalar'!C:C,A:A, 'jami 1-20 kunlik arizalar'!S:S, ">10")) -> 1
A17: 30411985980017 | C17: ORIFJONOV UMIDJON | D17: =+COUNTIFS('muddati otgan'!C:C,A17,'muddati otgan'!C:C,A17) -> 0 | E17: =SUMIFS('muddati otgan'!$V:V,'muddati otgan'!$C:C,$A:A) -> 0 | F17: =SUMIFS('muddati otgan'!$W:W,'muddati otgan'!$C:C,$A:A) -> 0 | G17: =SUMIFS('muddati otgan'!$U:U,'muddati otgan'!$C:C,$A:A) -> 0 | H17: =SUMIFS('muddati otgan'!$G:G,'muddati otgan'!$C:C,$A:A) -> 0 | I17: =SUMIFS('muddati otgan'!$H:H,'muddati otgan'!$C:C,$A:A) -> 0 | J17: =K17+P17+Q17+R17+S17+T17+U17+V17+W17+L17+O17+M17+N17+X17 -> 0 | K17: =+COUNTIFS('muddati otgan'!C:C,A17,'muddati otgan'!AA:AA,"Arizani qabul qilish") -> 0 | L17: =+COUNTIFS('muddati otgan'!C:C,A17,'muddati otgan'!J:J,"Arizani rad etish") -> 0 | M17: =+COUNTIFS('muddati otgan'!C:C,A17,'muddati otgan'!J:J,"Arizani tasdiqlash") -> 0 | N17: =+COUNTIFS('muddati otgan'!C:C,A17,'muddati otgan'!J:J,"Arizani yo'naltirish") -> 0 | O17: =+COUNTIFS('muddati otgan'!C:C,A17,'muddati otgan'!J:J,"Rad qilish sababini o'rganish") -> 0 | P17: =+COUNTIFS('muddati otgan'!C:C,A17,'muddati otgan'!J:J,"Ko'chmas mulkni UZKAD ga migratsiya qilish") -> 0 | Q17: =+COUNTIFS('muddati otgan'!C:C,A17,'muddati otgan'!J:J,"Migratisya qilingan obyekt holatini tekshirish") -> 0 | R17: =+COUNTIFS('muddati otgan'!C:C,A17,'muddati otgan'!J:J,"Ko‘chmas mulkni tanlash") -> 0 | S17: =+COUNTIFS('muddati otgan'!C:C,A17,'muddati otgan'!J:J,"Arizani ko'rib chiqish") -> 0 | T17: =+COUNTIFS('muddati otgan'!C:C,A17,'muddati otgan'!J:J,"Kadastr muhandisini tanlash") -> 0 | U17: =+COUNTIFS('muddati otgan'!C:C,A17,'muddati otgan'!J:J,"Ko'chmas mulk turini tanlahsh") -> 0 | V17: =+COUNTIFS('muddati otgan'!C:C,A17,'muddati otgan'!AA:AA,"Rad qilish") -> 0 | W17: =+COUNTIFS('muddati otgan'!C:C,A17,'muddati otgan'!J:J,"ijrochi tanlash") -> 0 | X17: =+COUNTIFS('muddati otgan'!C:C,A17,'muddati otgan'!J:J,"Ko'chmas mulk turini tanlash") -> 0 | Y17: =Z17+AD17+AF17+AE17+AC17+AB17+AA17 -> 0 | Z17: =+COUNTIFS('muddati otgan'!C:C,A17,'muddati otgan'!J:J,"Ijroga qabul qilish") -> 0 | AA17: =+COUNTIFS('muddati otgan'!C:C,A17,'muddati otgan'!J:J,"Joyida o'rganish va ma'lumotlarni kiritish") -> 0 | AB17: =+COUNTIFS('muddati otgan'!C:C,A17,'muddati otgan'!J:J,"Asosiy qismdan ajratish jarayonida") -> 0 | AC17: =+COUNTIFS('muddati otgan'!C:C,A17,'muddati otgan'!J:J,"Umumiy foydalanishdagi obyekt yaratilish") -> 0 | AD17: =+COUNTIFS('muddati otgan'!C:C,A17,'muddati otgan'!J:J,"Migratsiya qilinadigan kadastr raqamini kiritish") -> 0 | AE17: =+COUNTIFS('muddati otgan'!C:C,A17,'muddati otgan'!J:J,"O'zida qolgan obyektni yaratish") -> 0 | AF17: =+COUNTIFS('muddati otgan'!C:C,A17,'muddati otgan'!J:J,"O'lchov natijalarini kiritish") -> 0 | AG17: =+COUNTIFS('muddati otgan'!C:C,A17,'muddati otgan'!J:J,"Topoxaritani tayyorlash (dwg, pdf)") -> 0 | AH17: =AI17 -> 0 | AI17: =+COUNTIFS('muddati otgan'!C:C,A17,'muddati otgan'!J:J,"Yer uchastkasini yaratish") -> 0 | AJ17: =AK17 -> 0 | AK17: =+COUNTIFS('muddati otgan'!C:C,A17,'muddati otgan'!J:J,"Kelishish (Boshqarma)") -> 0 | AL17: =AM17+AN17+AO17 -> 0 | AM17: =+COUNTIFS('muddati otgan'!C:C,A17,'muddati otgan'!J:J,"Kelishish (DKP)") -> 0 | AN17: =+COUNTIFS('muddati otgan'!C:C,A17,'muddati otgan'!J:J,"Kelishish") -> 0 | AO17: =+COUNTIFS('muddati otgan'!C:C,A17,'muddati otgan'!J:J,"Kelishish (Registratsiya DKP)") -> 0 | AP17: =AQ17+AR17+AS17+AT17 -> 0 | AQ17: =+COUNTIFS('muddati otgan'!C:C,A17,'muddati otgan'!J:J,"Manzil biriktirish") -> 0 | AR17: =+COUNTIFS('muddati otgan'!C:C,A17,'muddati otgan'!J:J,"Bino va inshootlarni yaratish") -> 0 | AS17: =+COUNTIFS('muddati otgan'!C:C,A17,'muddati otgan'!J:J,"Dov daraxtlarni yaratish") -> 0 | AT17: =+COUNTIFS('muddati otgan'!C:C,A17,'muddati otgan'!J:J,"Yer uchastkasini tahrirlash") -> 0 | AU17: =AV17+AW17+AX17+AY17+AZ17 -> 0 | AV17: =+COUNTIFS('muddati otgan'!C:C,A17,'muddati otgan'!J:J,"Yer toifasi va maqsadini kiritish") -> 0 | AW17: =+COUNTIFS('muddati otgan'!C:C,A17,'muddati otgan'!J:J,"Auksion yer tekshirish") -> 0 | AX17: =+COUNTIFS('muddati otgan'!C:C,A17,'muddati otgan'!J:J,"Yer turlarini kiritish") -> 0 | AY17: =+COUNTIFS('muddati otgan'!C:C,A17,'muddati otgan'!J:J,"Ma'lumotlarni kiritish") -> 0 | AZ17: =+COUNTIFS('muddati otgan'!C:C,A17,'muddati otgan'!J:J,"Yer tekshirish") -> 0 | BA17: =BB17+BC17+BD17+BE17+BF17+BG17+BH17+BI17+BJ17+BK17 -> 0 | BB17: =+COUNTIFS('muddati otgan'!C:C,A17,'muddati otgan'!J:J,"Bino va inshoot ma'lumotlarini to‘ldirish") -> 0 | BC17: =+COUNTIFS('muddati otgan'!C:C,A17,'muddati otgan'!J:J,"Inventarizatsiya ma'lumotlarini to‘ldirish") -> 0 | BD17: =+COUNTIFS('muddati otgan'!C:C,A17,'muddati otgan'!J:J,"Yer uchastkasiga huquqiy hujjatlarni kiritsh") -> 0 | BE17: =+COUNTIFS('muddati otgan'!C:C,A17,'muddati otgan'!J:J,"Bino-inshootlarga huquqiy hujjatlarni kiritsh") -> 0 | BF17: =+COUNTIFS('muddati otgan'!C:C,A17,'muddati otgan'!J:J,"Kadastr qiymatini hisoblash va kiritish") -> 0 | BG17: =+COUNTIFS('muddati otgan'!C:C,A17,'muddati otgan'!J:J,"Kadastr raqam biriktirish") -> 0 | BH17: =+COUNTIFS('muddati otgan'!C:C,A17,'muddati otgan'!J:J,"Kadastr yig'ma jildni tayyorlash") -> 0 | BI17: =+COUNTIFS('muddati otgan'!C:C,A17,'muddati otgan'!J:J,"Huquqni yaratish") -> 0 | BJ17: =+COUNTIFS('muddati otgan'!C:C,A17,'muddati otgan'!J:J,"Hujjatlarni o'rganish") -> 0 | BK17: =+COUNTIFS('muddati otgan'!C:C,A17,'muddati otgan'!J:J,"Ma'lumotlarni tekshirish") -> 0 | BL17: =BM17+BN17+BP17+BO17+BQ17 -> 0 | BM17: =+COUNTIFS('muddati otgan'!C:C,A17,'muddati otgan'!J:J,"Tekshirish") -> 0 | BN17: =+COUNTIFS('muddati otgan'!C:C,A17,'muddati otgan'!J:J,"Hujjatlarni tekshirish") -> 0 | BO17: =+COUNTIFS('muddati otgan'!C:C,A17,'muddati otgan'!J:J,"Tasdiqlash") -> 0 | BP17: =+COUNTIFS('muddati otgan'!C:C,A17,'muddati otgan'!J:J,"tekshirish/tasdiqlash") -> 0 | BQ17: =+COUNTIFS('muddati otgan'!C:C,A17,'muddati otgan'!J:J,"Ma'lumotlarni tasdiqlash") -> 0 | BR17: =BS17+BU17+BV17+BW17+BX17+BY17-BT17 -> 0 | BS17: =+COUNTIFS('muddati otgan'!C:C,A17,'muddati otgan'!J:J,"Ro'yxatdan o'tkazish ma'lumotlarini tekshirish") -> 0 | BT17: =+COUNTIFS('muddati otgan'!C:C,A17,'muddati otgan'!J:J,"Kamchiliklar bo'yicha habarnoma yuborish va 3 kunga to'xtatish") -> 0 | BU17: =+COUNTIFS('muddati otgan'!C:C,A17,'muddati otgan'!J:J,"Hisobga olish") -> 0 | BV17: =+COUNTIFS('muddati otgan'!C:C,A17,'muddati otgan'!J:J,"Yer uchastkasiga huquq yaratish") -> 0 | BW17: =+COUNTIFS('muddati otgan'!C:C,A17,'muddati otgan'!J:J,"Bino-inshootga huquq yaratish") -> 0 | BX17: =+COUNTIFS('muddati otgan'!C:C,A17,'muddati otgan'!J:J,"Cheklov yaratish") -> 0 | BY17: =+COUNTIFS('muddati otgan'!C:C,A17,'muddati otgan'!J:J,"Taqiq yaratish") -> 0 | BZ17: =CA17 -> 0 | CA17: =+COUNTIFS('muddati otgan'!C:C,A17,'muddati otgan'!J:J,"Soliq maydonini tekshirish") -> 0 | CB17: =CC17 -> 0 | CC17: =+COUNTIFS('muddati otgan'!C:C,A17,'muddati otgan'!J:J,"Kadastr yig'majildini shakllantirish") -> 0 | CD17: =CE17+CF17+CG17+CI17+CJ17+CH17 -> 0 | CE17: =+COUNTIFS('muddati otgan'!C:C,A17,'muddati otgan'!J:J,"Kadastr passportini shakllantirish") -> 0 | CF17: =+COUNTIFS('muddati otgan'!C:C,A17,'muddati otgan'!J:J,"Yig'ma jildni tasdiqlash") -> 0 | CG17: =+COUNTIFS('muddati otgan'!C:C,A17,'muddati otgan'!J:J,"To'lov yoki bepul tasdiqlash") -> 0 | CH17: =+COUNTIFS('muddati otgan'!C:C,A17,'muddati otgan'!J:J,"Bog'liq arizani kutish") -> 0 | CI17: =+COUNTIFS('muddati otgan'!C:C,A17,'muddati otgan'!J:J,"To'lovga chiqarish") -> 0 | CJ17: =+COUNTIFS('muddati otgan'!C:C,A17,'muddati otgan'!J:J,"Hisobga qo'yish") -> 0 | CK17: =+COUNTIFS('muddati otgan'!C:C,A17,'muddati otgan'!J:J,"To'lov kutilmoqda") -> 0 | CL17: =CM17+CN17+CO17+CP17+CQ17+CR17+CS17+CT17 -> 0 | CM17: =+COUNTIFS('muddati otgan'!C:C,A17,'muddati otgan'!AA:AA,"Arizani qabul qilish2") -> 0 | CN17: =+COUNTIFS('muddati otgan'!C:C,A17,'muddati otgan'!J:J,"Huquqlarni tekshirish") -> 0 | CO17: =+COUNTIFS('muddati otgan'!C:C,A17,'muddati otgan'!J:J,"Ko'chmas mulkni ro'yhatdan o'tkazishga qabul qilish") -> 0 | CP17: =+COUNTIFS('muddati otgan'!C:C,A17,'muddati otgan'!J:J,"Ro'yxatdan o'tkazish") -> 0 | CQ17: =+COUNTIFS('muddati otgan'!C:C,A17,'muddati otgan'!J:J,"Kadastr pasporti va ko'chirmani yuborish") -> 0 | CR17: =+COUNTIFS('muddati otgan'!C:C,A17,'muddati otgan'!AA:AA,"Rad qilish2") -> 0 | CS17: =+COUNTIFS('muddati otgan'!C:C,A17,'muddati otgan'!J:J,"Ko'chirmani yuborish") -> 0 | CT17: =+COUNTIFS('muddati otgan'!C:C,A17,'muddati otgan'!J:J,"Ma‘lumotlarni tekshirish") -> 0 | CU17: =CV17 -> 0 | CV17: =+COUNTIFS('muddati otgan'!C:C,A17,'muddati otgan'!J:J,"Kadastr yig'majildini chop etish va arxiv ishiga tikish") -> 0 | CW17: =CX17+CY17 -> 0 | CX17: =+COUNTIFS('muddati otgan'!C:C,A17,'muddati otgan'!J:J,"Kadastr yig‘majildini qabul qilish, arizani yakunlash") -> 0 | CY17: =+COUNTIFS('muddati otgan'!C:C,A17,'muddati otgan'!J:J,"Next Cloudga yuklash") -> 0 | CZ17: =+COUNTIFS('muddati otgan'!C:C,A17,'muddati otgan'!J:J,"Kelishish kutilmoqda") -> 0 | DA17: =+COUNTIFS('muddati otgan'!C:C,A17,'muddati otgan'!J:J,"Yakunlandi") -> 0 | DB17: =+COUNTIFS('muddati otgan'!C:C,A17,'muddati otgan'!J:J,"Rad etildi") -> 0 | DC17: =CK17+CZ17+DA17+DB17-D17 -> 0 | DD17: =COUNTIFS('jami 1-20 kunlik arizalar'!C:C,A:A,'jami 1-20 kunlik arizalar'!S:S,"1") -> 0 | DE17: =COUNTIFS('jami 1-20 kunlik arizalar'!C:C,A:A,'jami 1-20 kunlik arizalar'!S:S,"2") -> 0 | DF17: =COUNTIFS('jami 1-20 kunlik arizalar'!C:C,A:A,'jami 1-20 kunlik arizalar'!S:S,"3") -> 3 | DG17: =COUNTIFS('jami 1-20 kunlik arizalar'!C:C,A:A,'jami 1-20 kunlik arizalar'!S:S,"4") -> 2 | DH17: =COUNTIFS('jami 1-20 kunlik arizalar'!C:C,A:A,'jami 1-20 kunlik arizalar'!S:S,"5") -> 2 | DI17: =SUM(COUNTIFS('jami 1-20 kunlik arizalar'!C:C,A:A, 'jami 1-20 kunlik arizalar'!S:S, {6,7,8,9,10})) -> 5 | DJ17: =SUM(COUNTIFS('jami 1-20 kunlik arizalar'!C:C,A:A, 'jami 1-20 kunlik arizalar'!S:S, ">10")) -> 5
A18: 31204985980041 | C18: PATILLAYEV ISMOILXON | D18: =+COUNTIFS('muddati otgan'!C:C,A18,'muddati otgan'!C:C,A18) -> 0 | E18: =SUMIFS('muddati otgan'!$V:V,'muddati otgan'!$C:C,$A:A) -> 0 | F18: =SUMIFS('muddati otgan'!$W:W,'muddati otgan'!$C:C,$A:A) -> 0 | G18: =SUMIFS('muddati otgan'!$U:U,'muddati otgan'!$C:C,$A:A) -> 0 | H18: =SUMIFS('muddati otgan'!$G:G,'muddati otgan'!$C:C,$A:A) -> 0 | I18: =SUMIFS('muddati otgan'!$H:H,'muddati otgan'!$C:C,$A:A) -> 0 | J18: =K18+P18+Q18+R18+S18+T18+U18+V18+W18+L18+O18+M18+N18+X18 -> 0 | K18: =+COUNTIFS('muddati otgan'!C:C,A18,'muddati otgan'!AA:AA,"Arizani qabul qilish") -> 0 | L18: =+COUNTIFS('muddati otgan'!C:C,A18,'muddati otgan'!J:J,"Arizani rad etish") -> 0 | M18: =+COUNTIFS('muddati otgan'!C:C,A18,'muddati otgan'!J:J,"Arizani tasdiqlash") -> 0 | N18: =+COUNTIFS('muddati otgan'!C:C,A18,'muddati otgan'!J:J,"Arizani yo'naltirish") -> 0 | O18: =+COUNTIFS('muddati otgan'!C:C,A18,'muddati otgan'!J:J,"Rad qilish sababini o'rganish") -> 0 | P18: =+COUNTIFS('muddati otgan'!C:C,A18,'muddati otgan'!J:J,"Ko'chmas mulkni UZKAD ga migratsiya qilish") -> 0 | Q18: =+COUNTIFS('muddati otgan'!C:C,A18,'muddati otgan'!J:J,"Migratisya qilingan obyekt holatini tekshirish") -> 0 | R18: =+COUNTIFS('muddati otgan'!C:C,A18,'muddati otgan'!J:J,"Ko‘chmas mulkni tanlash") -> 0 | S18: =+COUNTIFS('muddati otgan'!C:C,A18,'muddati otgan'!J:J,"Arizani ko'rib chiqish") -> 0 | T18: =+COUNTIFS('muddati otgan'!C:C,A18,'muddati otgan'!J:J,"Kadastr muhandisini tanlash") -> 0 | U18: =+COUNTIFS('muddati otgan'!C:C,A18,'muddati otgan'!J:J,"Ko'chmas mulk turini tanlahsh") -> 0 | V18: =+COUNTIFS('muddati otgan'!C:C,A18,'muddati otgan'!AA:AA,"Rad qilish") -> 0 | W18: =+COUNTIFS('muddati otgan'!C:C,A18,'muddati otgan'!J:J,"ijrochi tanlash") -> 0 | X18: =+COUNTIFS('muddati otgan'!C:C,A18,'muddati otgan'!J:J,"Ko'chmas mulk turini tanlash") -> 0 | Y18: =Z18+AD18+AF18+AE18+AC18+AB18+AA18 -> 0 | Z18: =+COUNTIFS('muddati otgan'!C:C,A18,'muddati otgan'!J:J,"Ijroga qabul qilish") -> 0 | AA18: =+COUNTIFS('muddati otgan'!C:C,A18,'muddati otgan'!J:J,"Joyida o'rganish va ma'lumotlarni kiritish") -> 0 | AB18: =+COUNTIFS('muddati otgan'!C:C,A18,'muddati otgan'!J:J,"Asosiy qismdan ajratish jarayonida") -> 0 | AC18: =+COUNTIFS('muddati otgan'!C:C,A18,'muddati otgan'!J:J,"Umumiy foydalanishdagi obyekt yaratilish") -> 0 | AD18: =+COUNTIFS('muddati otgan'!C:C,A18,'muddati otgan'!J:J,"Migratsiya qilinadigan kadastr raqamini kiritish") -> 0 | AE18: =+COUNTIFS('muddati otgan'!C:C,A18,'muddati otgan'!J:J,"O'zida qolgan obyektni yaratish") -> 0 | AF18: =+COUNTIFS('muddati otgan'!C:C,A18,'muddati otgan'!J:J,"O'lchov natijalarini kiritish") -> 0 | AG18: =+COUNTIFS('muddati otgan'!C:C,A18,'muddati otgan'!J:J,"Topoxaritani tayyorlash (dwg, pdf)") -> 0 | AH18: =AI18 -> 0 | AI18: =+COUNTIFS('muddati otgan'!C:C,A18,'muddati otgan'!J:J,"Yer uchastkasini yaratish") -> 0 | AJ18: =AK18 -> 0 | AK18: =+COUNTIFS('muddati otgan'!C:C,A18,'muddati otgan'!J:J,"Kelishish (Boshqarma)") -> 0 | AL18: =AM18+AN18+AO18 -> 0 | AM18: =+COUNTIFS('muddati otgan'!C:C,A18,'muddati otgan'!J:J,"Kelishish (DKP)") -> 0 | AN18: =+COUNTIFS('muddati otgan'!C:C,A18,'muddati otgan'!J:J,"Kelishish") -> 0 | AO18: =+COUNTIFS('muddati otgan'!C:C,A18,'muddati otgan'!J:J,"Kelishish (Registratsiya DKP)") -> 0 | AP18: =AQ18+AR18+AS18+AT18 -> 0 | AQ18: =+COUNTIFS('muddati otgan'!C:C,A18,'muddati otgan'!J:J,"Manzil biriktirish") -> 0 | AR18: =+COUNTIFS('muddati otgan'!C:C,A18,'muddati otgan'!J:J,"Bino va inshootlarni yaratish") -> 0 | AS18: =+COUNTIFS('muddati otgan'!C:C,A18,'muddati otgan'!J:J,"Dov daraxtlarni yaratish") -> 0 | AT18: =+COUNTIFS('muddati otgan'!C:C,A18,'muddati otgan'!J:J,"Yer uchastkasini tahrirlash") -> 0 | AU18: =AV18+AW18+AX18+AY18+AZ18 -> 0 | AV18: =+COUNTIFS('muddati otgan'!C:C,A18,'muddati otgan'!J:J,"Yer toifasi va maqsadini kiritish") -> 0 | AW18: =+COUNTIFS('muddati otgan'!C:C,A18,'muddati otgan'!J:J,"Auksion yer tekshirish") -> 0 | AX18: =+COUNTIFS('muddati otgan'!C:C,A18,'muddati otgan'!J:J,"Yer turlarini kiritish") -> 0 | AY18: =+COUNTIFS('muddati otgan'!C:C,A18,'muddati otgan'!J:J,"Ma'lumotlarni kiritish") -> 0 | AZ18: =+COUNTIFS('muddati otgan'!C:C,A18,'muddati otgan'!J:J,"Yer tekshirish") -> 0 | BA18: =BB18+BC18+BD18+BE18+BF18+BG18+BH18+BI18+BJ18+BK18 -> 0 | BB18: =+COUNTIFS('muddati otgan'!C:C,A18,'muddati otgan'!J:J,"Bino va inshoot ma'lumotlarini to‘ldirish") -> 0 | BC18: =+COUNTIFS('muddati otgan'!C:C,A18,'muddati otgan'!J:J,"Inventarizatsiya ma'lumotlarini to‘ldirish") -> 0 | BD18: =+COUNTIFS('muddati otgan'!C:C,A18,'muddati otgan'!J:J,"Yer uchastkasiga huquqiy hujjatlarni kiritsh") -> 0 | BE18: =+COUNTIFS('muddati otgan'!C:C,A18,'muddati otgan'!J:J,"Bino-inshootlarga huquqiy hujjatlarni kiritsh") -> 0 | BF18: =+COUNTIFS('muddati otgan'!C:C,A18,'muddati otgan'!J:J,"Kadastr qiymatini hisoblash va kiritish") -> 0 | BG18: =+COUNTIFS('muddati otgan'!C:C,A18,'muddati otgan'!J:J,"Kadastr raqam biriktirish") -> 0 | BH18: =+COUNTIFS('muddati otgan'!C:C,A18,'muddati otgan'!J:J,"Kadastr yig'ma jildni tayyorlash") -> 0 | BI18: =+COUNTIFS('muddati otgan'!C:C,A18,'muddati otgan'!J:J,"Huquqni yaratish") -> 0 | BJ18: =+COUNTIFS('muddati otgan'!C:C,A18,'muddati otgan'!J:J,"Hujjatlarni o'rganish") -> 0 | BK18: =+COUNTIFS('muddati otgan'!C:C,A18,'muddati otgan'!J:J,"Ma'lumotlarni tekshirish") -> 0 | BL18: =BM18+BN18+BP18+BO18+BQ18 -> 0 | BM18: =+COUNTIFS('muddati otgan'!C:C,A18,'muddati otgan'!J:J,"Tekshirish") -> 0 | BN18: =+COUNTIFS('muddati otgan'!C:C,A18,'muddati otgan'!J:J,"Hujjatlarni tekshirish") -> 0 | BO18: =+COUNTIFS('muddati otgan'!C:C,A18,'muddati otgan'!J:J,"Tasdiqlash") -> 0 | BP18: =+COUNTIFS('muddati otgan'!C:C,A18,'muddati otgan'!J:J,"tekshirish/tasdiqlash") -> 0 | BQ18: =+COUNTIFS('muddati otgan'!C:C,A18,'muddati otgan'!J:J,"Ma'lumotlarni tasdiqlash") -> 0 | BR18: =BS18+BU18+BV18+BW18+BX18+BY18-BT18 -> 0 | BS18: =+COUNTIFS('muddati otgan'!C:C,A18,'muddati otgan'!J:J,"Ro'yxatdan o'tkazish ma'lumotlarini tekshirish") -> 0 | BT18: =+COUNTIFS('muddati otgan'!C:C,A18,'muddati otgan'!J:J,"Kamchiliklar bo'yicha habarnoma yuborish va 3 kunga to'xtatish") -> 0 | BU18: =+COUNTIFS('muddati otgan'!C:C,A18,'muddati otgan'!J:J,"Hisobga olish") -> 0 | BV18: =+COUNTIFS('muddati otgan'!C:C,A18,'muddati otgan'!J:J,"Yer uchastkasiga huquq yaratish") -> 0 | BW18: =+COUNTIFS('muddati otgan'!C:C,A18,'muddati otgan'!J:J,"Bino-inshootga huquq yaratish") -> 0 | BX18: =+COUNTIFS('muddati otgan'!C:C,A18,'muddati otgan'!J:J,"Cheklov yaratish") -> 0 | BY18: =+COUNTIFS('muddati otgan'!C:C,A18,'muddati otgan'!J:J,"Taqiq yaratish") -> 0 | BZ18: =CA18 -> 0 | CA18: =+COUNTIFS('muddati otgan'!C:C,A18,'muddati otgan'!J:J,"Soliq maydonini tekshirish") -> 0 | CB18: =CC18 -> 0 | CC18: =+COUNTIFS('muddati otgan'!C:C,A18,'muddati otgan'!J:J,"Kadastr yig'majildini shakllantirish") -> 0 | CD18: =CE18+CF18+CG18+CI18+CJ18+CH18 -> 0 | CE18: =+COUNTIFS('muddati otgan'!C:C,A18,'muddati otgan'!J:J,"Kadastr passportini shakllantirish") -> 0 | CF18: =+COUNTIFS('muddati otgan'!C:C,A18,'muddati otgan'!J:J,"Yig'ma jildni tasdiqlash") -> 0 | CG18: =+COUNTIFS('muddati otgan'!C:C,A18,'muddati otgan'!J:J,"To'lov yoki bepul tasdiqlash") -> 0 | CH18: =+COUNTIFS('muddati otgan'!C:C,A18,'muddati otgan'!J:J,"Bog'liq arizani kutish") -> 0 | CI18: =+COUNTIFS('muddati otgan'!C:C,A18,'muddati otgan'!J:J,"To'lovga chiqarish") -> 0 | CJ18: =+COUNTIFS('muddati otgan'!C:C,A18,'muddati otgan'!J:J,"Hisobga qo'yish") -> 0 | CK18: =+COUNTIFS('muddati otgan'!C:C,A18,'muddati otgan'!J:J,"To'lov kutilmoqda") -> 0 | CL18: =CM18+CN18+CO18+CP18+CQ18+CR18+CS18+CT18 -> 0 | CM18: =+COUNTIFS('muddati otgan'!C:C,A18,'muddati otgan'!AA:AA,"Arizani qabul qilish2") -> 0 | CN18: =+COUNTIFS('muddati otgan'!C:C,A18,'muddati otgan'!J:J,"Huquqlarni tekshirish") -> 0 | CO18: =+COUNTIFS('muddati otgan'!C:C,A18,'muddati otgan'!J:J,"Ko'chmas mulkni ro'yhatdan o'tkazishga qabul qilish") -> 0 | CP18: =+COUNTIFS('muddati otgan'!C:C,A18,'muddati otgan'!J:J,"Ro'yxatdan o'tkazish") -> 0 | CQ18: =+COUNTIFS('muddati otgan'!C:C,A18,'muddati otgan'!J:J,"Kadastr pasporti va ko'chirmani yuborish") -> 0 | CR18: =+COUNTIFS('muddati otgan'!C:C,A18,'muddati otgan'!AA:AA,"Rad qilish2") -> 0 | CS18: =+COUNTIFS('muddati otgan'!C:C,A18,'muddati otgan'!J:J,"Ko'chirmani yuborish") -> 0 | CT18: =+COUNTIFS('muddati otgan'!C:C,A18,'muddati otgan'!J:J,"Ma‘lumotlarni tekshirish") -> 0 | CU18: =CV18 -> 0 | CV18: =+COUNTIFS('muddati otgan'!C:C,A18,'muddati otgan'!J:J,"Kadastr yig'majildini chop etish va arxiv ishiga tikish") -> 0 | CW18: =CX18+CY18 -> 0 | CX18: =+COUNTIFS('muddati otgan'!C:C,A18,'muddati otgan'!J:J,"Kadastr yig‘majildini qabul qilish, arizani yakunlash") -> 0 | CY18: =+COUNTIFS('muddati otgan'!C:C,A18,'muddati otgan'!J:J,"Next Cloudga yuklash") -> 0 | CZ18: =+COUNTIFS('muddati otgan'!C:C,A18,'muddati otgan'!J:J,"Kelishish kutilmoqda") -> 0 | DA18: =+COUNTIFS('muddati otgan'!C:C,A18,'muddati otgan'!J:J,"Yakunlandi") -> 0 | DB18: =+COUNTIFS('muddati otgan'!C:C,A18,'muddati otgan'!J:J,"Rad etildi") -> 0 | DC18: =CK18+CZ18+DA18+DB18-D18 -> 0 | DD18: =COUNTIFS('jami 1-20 kunlik arizalar'!C:C,A:A,'jami 1-20 kunlik arizalar'!S:S,"1") -> 0 | DE18: =COUNTIFS('jami 1-20 kunlik arizalar'!C:C,A:A,'jami 1-20 kunlik arizalar'!S:S,"2") -> 0 | DF18: =COUNTIFS('jami 1-20 kunlik arizalar'!C:C,A:A,'jami 1-20 kunlik arizalar'!S:S,"3") -> 1 | DG18: =COUNTIFS('jami 1-20 kunlik arizalar'!C:C,A:A,'jami 1-20 kunlik arizalar'!S:S,"4") -> 2 | DH18: =COUNTIFS('jami 1-20 kunlik arizalar'!C:C,A:A,'jami 1-20 kunlik arizalar'!S:S,"5") -> 0 | DI18: =SUM(COUNTIFS('jami 1-20 kunlik arizalar'!C:C,A:A, 'jami 1-20 kunlik arizalar'!S:S, {6,7,8,9,10})) -> 5 | DJ18: =SUM(COUNTIFS('jami 1-20 kunlik arizalar'!C:C,A:A, 'jami 1-20 kunlik arizalar'!S:S, ">10")) -> 1
A19: 30703792190108 | C19: UMAROV ABDUXAKIMJON | D19: =+COUNTIFS('muddati otgan'!C:C,A19,'muddati otgan'!C:C,A19) -> 1 | E19: =SUMIFS('muddati otgan'!$V:V,'muddati otgan'!$C:C,$A:A) -> 0 | F19: =SUMIFS('muddati otgan'!$W:W,'muddati otgan'!$C:C,$A:A) -> 0 | G19: =SUMIFS('muddati otgan'!$U:U,'muddati otgan'!$C:C,$A:A) -> 1 | H19: =SUMIFS('muddati otgan'!$G:G,'muddati otgan'!$C:C,$A:A) -> 1 | I19: =SUMIFS('muddati otgan'!$H:H,'muddati otgan'!$C:C,$A:A) -> 0 | J19: =K19+P19+Q19+R19+S19+T19+U19+V19+W19+L19+O19+M19+N19+X19 -> 0 | K19: =+COUNTIFS('muddati otgan'!C:C,A19,'muddati otgan'!AA:AA,"Arizani qabul qilish") -> 0 | L19: =+COUNTIFS('muddati otgan'!C:C,A19,'muddati otgan'!J:J,"Arizani rad etish") -> 0 | M19: =+COUNTIFS('muddati otgan'!C:C,A19,'muddati otgan'!J:J,"Arizani tasdiqlash") -> 0 | N19: =+COUNTIFS('muddati otgan'!C:C,A19,'muddati otgan'!J:J,"Arizani yo'naltirish") -> 0 | O19: =+COUNTIFS('muddati otgan'!C:C,A19,'muddati otgan'!J:J,"Rad qilish sababini o'rganish") -> 0 | P19: =+COUNTIFS('muddati otgan'!C:C,A19,'muddati otgan'!J:J,"Ko'chmas mulkni UZKAD ga migratsiya qilish") -> 0 | Q19: =+COUNTIFS('muddati otgan'!C:C,A19,'muddati otgan'!J:J,"Migratisya qilingan obyekt holatini tekshirish") -> 0 | R19: =+COUNTIFS('muddati otgan'!C:C,A19,'muddati otgan'!J:J,"Ko‘chmas mulkni tanlash") -> 0 | S19: =+COUNTIFS('muddati otgan'!C:C,A19,'muddati otgan'!J:J,"Arizani ko'rib chiqish") -> 0 | T19: =+COUNTIFS('muddati otgan'!C:C,A19,'muddati otgan'!J:J,"Kadastr muhandisini tanlash") -> 0 | U19: =+COUNTIFS('muddati otgan'!C:C,A19,'muddati otgan'!J:J,"Ko'chmas mulk turini tanlahsh") -> 0 | V19: =+COUNTIFS('muddati otgan'!C:C,A19,'muddati otgan'!AA:AA,"Rad qilish") -> 0 | W19: =+COUNTIFS('muddati otgan'!C:C,A19,'muddati otgan'!J:J,"ijrochi tanlash") -> 0 | X19: =+COUNTIFS('muddati otgan'!C:C,A19,'muddati otgan'!J:J,"Ko'chmas mulk turini tanlash") -> 0 | Y19: =Z19+AD19+AF19+AE19+AC19+AB19+AA19 -> 0 | Z19: =+COUNTIFS('muddati otgan'!C:C,A19,'muddati otgan'!J:J,"Ijroga qabul qilish") -> 0 | AA19: =+COUNTIFS('muddati otgan'!C:C,A19,'muddati otgan'!J:J,"Joyida o'rganish va ma'lumotlarni kiritish") -> 0 | AB19: =+COUNTIFS('muddati otgan'!C:C,A19,'muddati otgan'!J:J,"Asosiy qismdan ajratish jarayonida") -> 0 | AC19: =+COUNTIFS('muddati otgan'!C:C,A19,'muddati otgan'!J:J,"Umumiy foydalanishdagi obyekt yaratilish") -> 0 | AD19: =+COUNTIFS('muddati otgan'!C:C,A19,'muddati otgan'!J:J,"Migratsiya qilinadigan kadastr raqamini kiritish") -> 0 | AE19: =+COUNTIFS('muddati otgan'!C:C,A19,'muddati otgan'!J:J,"O'zida qolgan obyektni yaratish") -> 0 | AF19: =+COUNTIFS('muddati otgan'!C:C,A19,'muddati otgan'!J:J,"O'lchov natijalarini kiritish") -> 0 | AG19: =+COUNTIFS('muddati otgan'!C:C,A19,'muddati otgan'!J:J,"Topoxaritani tayyorlash (dwg, pdf)") -> 0 | AH19: =AI19 -> 0 | AI19: =+COUNTIFS('muddati otgan'!C:C,A19,'muddati otgan'!J:J,"Yer uchastkasini yaratish") -> 0 | AJ19: =AK19 -> 0 | AK19: =+COUNTIFS('muddati otgan'!C:C,A19,'muddati otgan'!J:J,"Kelishish (Boshqarma)") -> 0 | AL19: =AM19+AN19+AO19 -> 0 | AM19: =+COUNTIFS('muddati otgan'!C:C,A19,'muddati otgan'!J:J,"Kelishish (DKP)") -> 0 | AN19: =+COUNTIFS('muddati otgan'!C:C,A19,'muddati otgan'!J:J,"Kelishish") -> 0 | AO19: =+COUNTIFS('muddati otgan'!C:C,A19,'muddati otgan'!J:J,"Kelishish (Registratsiya DKP)") -> 0 | AP19: =AQ19+AR19+AS19+AT19 -> 0 | AQ19: =+COUNTIFS('muddati otgan'!C:C,A19,'muddati otgan'!J:J,"Manzil biriktirish") -> 0 | AR19: =+COUNTIFS('muddati otgan'!C:C,A19,'muddati otgan'!J:J,"Bino va inshootlarni yaratish") -> 0 | AS19: =+COUNTIFS('muddati otgan'!C:C,A19,'muddati otgan'!J:J,"Dov daraxtlarni yaratish") -> 0 | AT19: =+COUNTIFS('muddati otgan'!C:C,A19,'muddati otgan'!J:J,"Yer uchastkasini tahrirlash") -> 0 | AU19: =AV19+AW19+AX19+AY19+AZ19 -> 0 | AV19: =+COUNTIFS('muddati otgan'!C:C,A19,'muddati otgan'!J:J,"Yer toifasi va maqsadini kiritish") -> 0 | AW19: =+COUNTIFS('muddati otgan'!C:C,A19,'muddati otgan'!J:J,"Auksion yer tekshirish") -> 0 | AX19: =+COUNTIFS('muddati otgan'!C:C,A19,'muddati otgan'!J:J,"Yer turlarini kiritish") -> 0 | AY19: =+COUNTIFS('muddati otgan'!C:C,A19,'muddati otgan'!J:J,"Ma'lumotlarni kiritish") -> 0 | AZ19: =+COUNTIFS('muddati otgan'!C:C,A19,'muddati otgan'!J:J,"Yer tekshirish") -> 0 | BA19: =BB19+BC19+BD19+BE19+BF19+BG19+BH19+BI19+BJ19+BK19 -> 0 | BB19: =+COUNTIFS('muddati otgan'!C:C,A19,'muddati otgan'!J:J,"Bino va inshoot ma'lumotlarini to‘ldirish") -> 0 | BC19: =+COUNTIFS('muddati otgan'!C:C,A19,'muddati otgan'!J:J,"Inventarizatsiya ma'lumotlarini to‘ldirish") -> 0 | BD19: =+COUNTIFS('muddati otgan'!C:C,A19,'muddati otgan'!J:J,"Yer uchastkasiga huquqiy hujjatlarni kiritsh") -> 0 | BE19: =+COUNTIFS('muddati otgan'!C:C,A19,'muddati otgan'!J:J,"Bino-inshootlarga huquqiy hujjatlarni kiritsh") -> 0 | BF19: =+COUNTIFS('muddati otgan'!C:C,A19,'muddati otgan'!J:J,"Kadastr qiymatini hisoblash va kiritish") -> 0 | BG19: =+COUNTIFS('muddati otgan'!C:C,A19,'muddati otgan'!J:J,"Kadastr raqam biriktirish") -> 0 | BH19: =+COUNTIFS('muddati otgan'!C:C,A19,'muddati otgan'!J:J,"Kadastr yig'ma jildni tayyorlash") -> 0 | BI19: =+COUNTIFS('muddati otgan'!C:C,A19,'muddati otgan'!J:J,"Huquqni yaratish") -> 0 | BJ19: =+COUNTIFS('muddati otgan'!C:C,A19,'muddati otgan'!J:J,"Hujjatlarni o'rganish") -> 0 | BK19: =+COUNTIFS('muddati otgan'!C:C,A19,'muddati otgan'!J:J,"Ma'lumotlarni tekshirish") -> 0 | BL19: =BM19+BN19+BP19+BO19+BQ19 -> 0 | BM19: =+COUNTIFS('muddati otgan'!C:C,A19,'muddati otgan'!J:J,"Tekshirish") -> 0 | BN19: =+COUNTIFS('muddati otgan'!C:C,A19,'muddati otgan'!J:J,"Hujjatlarni tekshirish") -> 0 | BO19: =+COUNTIFS('muddati otgan'!C:C,A19,'muddati otgan'!J:J,"Tasdiqlash") -> 0 | BP19: =+COUNTIFS('muddati otgan'!C:C,A19,'muddati otgan'!J:J,"tekshirish/tasdiqlash") -> 0 | BQ19: =+COUNTIFS('muddati otgan'!C:C,A19,'muddati otgan'!J:J,"Ma'lumotlarni tasdiqlash") -> 0 | BR19: =BS19+BU19+BV19+BW19+BX19+BY19-BT19 -> 0 | BS19: =+COUNTIFS('muddati otgan'!C:C,A19,'muddati otgan'!J:J,"Ro'yxatdan o'tkazish ma'lumotlarini tekshirish") -> 0 | BT19: =+COUNTIFS('muddati otgan'!C:C,A19,'muddati otgan'!J:J,"Kamchiliklar bo'yicha habarnoma yuborish va 3 kunga to'xtatish") -> 0 | BU19: =+COUNTIFS('muddati otgan'!C:C,A19,'muddati otgan'!J:J,"Hisobga olish") -> 0 | BV19: =+COUNTIFS('muddati otgan'!C:C,A19,'muddati otgan'!J:J,"Yer uchastkasiga huquq yaratish") -> 0 | BW19: =+COUNTIFS('muddati otgan'!C:C,A19,'muddati otgan'!J:J,"Bino-inshootga huquq yaratish") -> 0 | BX19: =+COUNTIFS('muddati otgan'!C:C,A19,'muddati otgan'!J:J,"Cheklov yaratish") -> 0 | BY19: =+COUNTIFS('muddati otgan'!C:C,A19,'muddati otgan'!J:J,"Taqiq yaratish") -> 0 | BZ19: =CA19 -> 0 | CA19: =+COUNTIFS('muddati otgan'!C:C,A19,'muddati otgan'!J:J,"Soliq maydonini tekshirish") -> 0 | CB19: =CC19 -> 0 | CC19: =+COUNTIFS('muddati otgan'!C:C,A19,'muddati otgan'!J:J,"Kadastr yig'majildini shakllantirish") -> 0 | CD19: =CE19+CF19+CG19+CI19+CJ19+CH19 -> 0 | CE19: =+COUNTIFS('muddati otgan'!C:C,A19,'muddati otgan'!J:J,"Kadastr passportini shakllantirish") -> 0 | CF19: =+COUNTIFS('muddati otgan'!C:C,A19,'muddati otgan'!J:J,"Yig'ma jildni tasdiqlash") -> 0 | CG19: =+COUNTIFS('muddati otgan'!C:C,A19,'muddati otgan'!J:J,"To'lov yoki bepul tasdiqlash") -> 0 | CH19: =+COUNTIFS('muddati otgan'!C:C,A19,'muddati otgan'!J:J,"Bog'liq arizani kutish") -> 0 | CI19: =+COUNTIFS('muddati otgan'!C:C,A19,'muddati otgan'!J:J,"To'lovga chiqarish") -> 0 | CJ19: =+COUNTIFS('muddati otgan'!C:C,A19,'muddati otgan'!J:J,"Hisobga qo'yish") -> 0 | CK19: =+COUNTIFS('muddati otgan'!C:C,A19,'muddati otgan'!J:J,"To'lov kutilmoqda") -> 1 | CL19: =CM19+CN19+CO19+CP19+CQ19+CR19+CS19+CT19 -> 0 | CM19: =+COUNTIFS('muddati otgan'!C:C,A19,'muddati otgan'!AA:AA,"Arizani qabul qilish2") -> 0 | CN19: =+COUNTIFS('muddati otgan'!C:C,A19,'muddati otgan'!J:J,"Huquqlarni tekshirish") -> 0 | CO19: =+COUNTIFS('muddati otgan'!C:C,A19,'muddati otgan'!J:J,"Ko'chmas mulkni ro'yhatdan o'tkazishga qabul qilish") -> 0 | CP19: =+COUNTIFS('muddati otgan'!C:C,A19,'muddati otgan'!J:J,"Ro'yxatdan o'tkazish") -> 0 | CQ19: =+COUNTIFS('muddati otgan'!C:C,A19,'muddati otgan'!J:J,"Kadastr pasporti va ko'chirmani yuborish") -> 0 | CR19: =+COUNTIFS('muddati otgan'!C:C,A19,'muddati otgan'!AA:AA,"Rad qilish2") -> 0 | CS19: =+COUNTIFS('muddati otgan'!C:C,A19,'muddati otgan'!J:J,"Ko'chirmani yuborish") -> 0 | CT19: =+COUNTIFS('muddati otgan'!C:C,A19,'muddati otgan'!J:J,"Ma‘lumotlarni tekshirish") -> 0 | CU19: =CV19 -> 0 | CV19: =+COUNTIFS('muddati otgan'!C:C,A19,'muddati otgan'!J:J,"Kadastr yig'majildini chop etish va arxiv ishiga tikish") -> 0 | CW19: =CX19+CY19 -> 0 | CX19: =+COUNTIFS('muddati otgan'!C:C,A19,'muddati otgan'!J:J,"Kadastr yig‘majildini qabul qilish, arizani yakunlash") -> 0 | CY19: =+COUNTIFS('muddati otgan'!C:C,A19,'muddati otgan'!J:J,"Next Cloudga yuklash") -> 0 | CZ19: =+COUNTIFS('muddati otgan'!C:C,A19,'muddati otgan'!J:J,"Kelishish kutilmoqda") -> 0 | DA19: =+COUNTIFS('muddati otgan'!C:C,A19,'muddati otgan'!J:J,"Yakunlandi") -> 0 | DB19: =+COUNTIFS('muddati otgan'!C:C,A19,'muddati otgan'!J:J,"Rad etildi") -> 0 | DC19: =CK19+CZ19+DA19+DB19-D19 -> 0 | DD19: =COUNTIFS('jami 1-20 kunlik arizalar'!C:C,A:A,'jami 1-20 kunlik arizalar'!S:S,"1") -> 0 | DE19: =COUNTIFS('jami 1-20 kunlik arizalar'!C:C,A:A,'jami 1-20 kunlik arizalar'!S:S,"2") -> 0 | DF19: =COUNTIFS('jami 1-20 kunlik arizalar'!C:C,A:A,'jami 1-20 kunlik arizalar'!S:S,"3") -> 1 | DG19: =COUNTIFS('jami 1-20 kunlik arizalar'!C:C,A:A,'jami 1-20 kunlik arizalar'!S:S,"4") -> 0 | DH19: =COUNTIFS('jami 1-20 kunlik arizalar'!C:C,A:A,'jami 1-20 kunlik arizalar'!S:S,"5") -> 0 | DI19: =SUM(COUNTIFS('jami 1-20 kunlik arizalar'!C:C,A:A, 'jami 1-20 kunlik arizalar'!S:S, {6,7,8,9,10})) -> 5 | DJ19: =SUM(COUNTIFS('jami 1-20 kunlik arizalar'!C:C,A:A, 'jami 1-20 kunlik arizalar'!S:S, ">10")) -> 9
C20: КАДАСТР МУҲАНДИСИГА БИРИКТИРИЛМАГАН | D20: =+D6-(SUM(D7:D19)) -> 0 | DD20: =+DD6-(SUM(DD7:DD19)) -> 0 | DE20: =+DE6-(SUM(DE7:DE19)) -> 0 | DF20: =+DF6-(SUM(DF7:DF19)) -> 0 | DG20: =+DG6-(SUM(DG7:DG19)) -> 0 | DH20: =+DH6-(SUM(DH7:DH19)) -> 1 | DI20: =+DI6-(SUM(DI7:DI19)) -> 6 | DJ20: =+DJ6-(SUM(DJ7:DJ19)) -> 17
A21: MINT | B21: 2 | C21: Мингбулоқ тумани | D21: =+COUNTIFS('muddati otgan'!B:B,A21,'muddati otgan'!B:B,A21) -> 18 | E21: =SUMIFS('muddati otgan'!$V:V,'muddati otgan'!$B:B,$A:A) -> 0 | F21: =SUMIFS('muddati otgan'!$W:W,'muddati otgan'!$B:B,$A:A) -> 0 | G21: =SUMIFS('muddati otgan'!$U:U,'muddati otgan'!$B:B,$A:A) -> 18 | H21: =SUMIFS('muddati otgan'!$G:G,'muddati otgan'!$B:B,$A:A) -> 16 | I21: =SUMIFS('muddati otgan'!$H:H,'muddati otgan'!$B:B,$A:A) -> 2 | J21: =K21+P21+Q21+R21+S21+T21+U21+V21+W21+L21+O21+M21+N21+X21 -> 4 | K21: =+COUNTIFS('muddati otgan'!B:B,A21,'muddati otgan'!AA:AA,"Arizani qabul qilish") -> 0 | L21: =+COUNTIFS('muddati otgan'!B:B,A21,'muddati otgan'!J:J,"Arizani rad etish") -> 0 | M21: =+COUNTIFS('muddati otgan'!B:B,A21,'muddati otgan'!J:J,"Arizani tasdiqlash") -> 0 | N21: =+COUNTIFS('muddati otgan'!B:B,A21,'muddati otgan'!J:J,"Arizani yo'naltirish") -> 0 | O21: =+COUNTIFS('muddati otgan'!B:B,A21,'muddati otgan'!J:J,"Rad qilish sababini o'rganish") -> 4 | P21: =+COUNTIFS('muddati otgan'!B:B,A21,'muddati otgan'!J:J,"Ko'chmas mulkni UZKAD ga migratsiya qilish") -> 0 | Q21: =+COUNTIFS('muddati otgan'!B:B,A21,'muddati otgan'!J:J,"Migratisya qilingan obyekt holatini tekshirish") -> 0 | R21: =+COUNTIFS('muddati otgan'!B:B,A21,'muddati otgan'!J:J,"Ko‘chmas mulkni tanlash") -> 0 | S21: =+COUNTIFS('muddati otgan'!B:B,A21,'muddati otgan'!J:J,"Arizani ko'rib chiqish") -> 0 | T21: =+COUNTIFS('muddati otgan'!B:B,A21,'muddati otgan'!J:J,"Kadastr muhandisini tanlash") -> 0 | U21: =+COUNTIFS('muddati otgan'!B:B,A21,'muddati otgan'!J:J,"Ko'chmas mulk turini tanlahsh") -> 0 | V21: =+COUNTIFS('muddati otgan'!B:B,A21,'muddati otgan'!AA:AA,"Rad qilish") -> 0 | W21: =+COUNTIFS('muddati otgan'!B:B,A21,'muddati otgan'!J:J,"ijrochi tanlash") -> 0 | X21: =+COUNTIFS('muddati otgan'!B:B,A21,'muddati otgan'!J:J,"Ko'chmas mulk turini tanlash") -> 0 | Y21: =Z21+AD21+AF21+AE21+AC21+AB21+AA21 -> 0 | Z21: =+COUNTIFS('muddati otgan'!B:B,A21,'muddati otgan'!J:J,"Ijroga qabul qilish") -> 0 | AA21: =+COUNTIFS('muddati otgan'!B:B,A21,'muddati otgan'!J:J,"Joyida o'rganish va ma'lumotlarni kiritish") -> 0 | AB21: =+COUNTIFS('muddati otgan'!B:B,A21,'muddati otgan'!J:J,"Asosiy qismdan ajratish jarayonida") -> 0 | AC21: =+COUNTIFS('muddati otgan'!B:B,A21,'muddati otgan'!J:J,"Umumiy foydalanishdagi obyekt yaratilish") -> 0 | AD21: =+COUNTIFS('muddati otgan'!B:B,A21,'muddati otgan'!J:J,"Migratsiya qilinadigan kadastr raqamini kiritish") -> 0 | AE21: =+COUNTIFS('muddati otgan'!B:B,A21,'muddati otgan'!J:J,"O'zida qolgan obyektni yaratish") -> 0 | AF21: =+COUNTIFS('muddati otgan'!B:B,A21,'muddati otgan'!J:J,"O'lchov natijalarini kiritish") -> 0 | AG21: =+COUNTIFS('muddati otgan'!B:B,A21,'muddati otgan'!J:J,"Topoxaritani tayyorlash (dwg, pdf)") -> 0 | AH21: =AI21 -> 1 | AI21: =+COUNTIFS('muddati otgan'!B:B,A21,'muddati otgan'!J:J,"Yer uchastkasini yaratish") -> 1 | AJ21: =AK21 -> 0 | AK21: =+COUNTIFS('muddati otgan'!B:B,A21,'muddati otgan'!J:J,"Kelishish (Boshqarma)") -> 0 | AL21: =AM21+AN21+AO21 -> 0 | AM21: =+COUNTIFS('muddati otgan'!B:B,A21,'muddati otgan'!J:J,"Kelishish (DKP)") -> 0 | AN21: =+COUNTIFS('muddati otgan'!B:B,A21,'muddati otgan'!J:J,"Kelishish") -> 0 | AO21: =+COUNTIFS('muddati otgan'!B:B,A21,'muddati otgan'!J:J,"Kelishish (Registratsiya DKP)") -> 0 | AP21: =AQ21+AR21+AS21+AT21 -> 0 | AQ21: =+COUNTIFS('muddati otgan'!B:B,A21,'muddati otgan'!J:J,"Manzil biriktirish") -> 0 | AR21: =+COUNTIFS('muddati otgan'!B:B,A21,'muddati otgan'!J:J,"Bino va inshootlarni yaratish") -> 0 | AS21: =+COUNTIFS('muddati otgan'!B:B,A21,'muddati otgan'!J:J,"Dov daraxtlarni yaratish") -> 0 | AT21: =+COUNTIFS('muddati otgan'!B:B,A21,'muddati otgan'!J:J,"Yer uchastkasini tahrirlash") -> 0 | AU21: =AV21+AW21+AX21+AY21+AZ21 -> 0 | AV21: =+COUNTIFS('muddati otgan'!B:B,A21,'muddati otgan'!J:J,"Yer toifasi va maqsadini kiritish") -> 0 | AW21: =+COUNTIFS('muddati otgan'!B:B,A21,'muddati otgan'!J:J,"Auksion yer tekshirish") -> 0 | AX21: =+COUNTIFS('muddati otgan'!B:B,A21,'muddati otgan'!J:J,"Yer turlarini kiritish") -> 0 | AY21: =+COUNTIFS('muddati otgan'!B:B,A21,'muddati otgan'!J:J,"Ma'lumotlarni kiritish") -> 0 | AZ21: =+COUNTIFS('muddati otgan'!B:B,A21,'muddati otgan'!J:J,"Yer tekshirish") -> 0 | BA21: =BB21+BC21+BD21+BE21+BF21+BG21+BH21+BI21+BJ21+BK21 -> 0 | BB21: =+COUNTIFS('muddati otgan'!B:B,A21,'muddati otgan'!J:J,"Bino va inshoot ma'lumotlarini to‘ldirish") -> 0 | BC21: =+COUNTIFS('muddati otgan'!B:B,A21,'muddati otgan'!J:J,"Inventarizatsiya ma'lumotlarini to‘ldirish") -> 0 | BD21: =+COUNTIFS('muddati otgan'!B:B,A21,'muddati otgan'!J:J,"Yer uchastkasiga huquqiy hujjatlarni kiritsh") -> 0 | BE21: =+COUNTIFS('muddati otgan'!B:B,A21,'muddati otgan'!J:J,"Bino-inshootlarga huquqiy hujjatlarni kiritsh") -> 0 | BF21: =+COUNTIFS('muddati otgan'!B:B,A21,'muddati otgan'!J:J,"Kadastr qiymatini hisoblash va kiritish") -> 0 | BG21: =+COUNTIFS('muddati otgan'!B:B,A21,'muddati otgan'!J:J,"Kadastr raqam biriktirish") -> 0 | BH21: =+COUNTIFS('muddati otgan'!B:B,A21,'muddati otgan'!J:J,"Kadastr yig'ma jildni tayyorlash") -> 0 | BI21: =+COUNTIFS('muddati otgan'!B:B,A21,'muddati otgan'!J:J,"Huquqni yaratish") -> 0 | BJ21: =+COUNTIFS('muddati otgan'!B:B,A21,'muddati otgan'!J:J,"Hujjatlarni o'rganish") -> 0 | BK21: =+COUNTIFS('muddati otgan'!B:B,A21,'muddati otgan'!J:J,"Ma'lumotlarni tekshirish") -> 0 | BL21: =BM21+BN21+BP21+BO21+BQ21 -> 1 | BM21: =+COUNTIFS('muddati otgan'!B:B,A21,'muddati otgan'!J:J,"Tekshirish") -> 0 | BN21: =+COUNTIFS('muddati otgan'!B:B,A21,'muddati otgan'!J:J,"Hujjatlarni tekshirish") -> 0 | BO21: =+COUNTIFS('muddati otgan'!B:B,A21,'muddati otgan'!J:J,"Tasdiqlash") -> 0 | BP21: =+COUNTIFS('muddati otgan'!B:B,A21,'muddati otgan'!J:J,"tekshirish/tasdiqlash") -> 0 | BQ21: =+COUNTIFS('muddati otgan'!B:B,A21,'muddati otgan'!J:J,"Ma'lumotlarni tasdiqlash") -> 1 | BR21: =BS21+BU21+BV21+BW21+BX21+BY21-BT21 -> 0 | BS21: =+COUNTIFS('muddati otgan'!B:B,A21,'muddati otgan'!J:J,"Ro'yxatdan o'tkazish ma'lumotlarini tekshirish") -> 0 | BT21: =+COUNTIFS('muddati otgan'!B:B,A21,'muddati otgan'!J:J,"Kamchiliklar bo'yicha habarnoma yuborish va 3 kunga to'xtatish") -> 0 | BU21: =+COUNTIFS('muddati otgan'!B:B,A21,'muddati otgan'!J:J,"Hisobga olish") -> 0 | BV21: =+COUNTIFS('muddati otgan'!B:B,A21,'muddati otgan'!J:J,"Yer uchastkasiga huquq yaratish") -> 0 | BW21: =+COUNTIFS('muddati otgan'!B:B,A21,'muddati otgan'!J:J,"Bino-inshootga huquq yaratish") -> 0 | BX21: =+COUNTIFS('muddati otgan'!B:B,A21,'muddati otgan'!J:J,"Cheklov yaratish") -> 0 | BY21: =+COUNTIFS('muddati otgan'!B:B,A21,'muddati otgan'!J:J,"Taqiq yaratish") -> 0 | BZ21: =CA21 -> 0 | CA21: =+COUNTIFS('muddati otgan'!B:B,A21,'muddati otgan'!J:J,"Soliq maydonini tekshirish") -> 0 | CB21: =CC21 -> 0 | CC21: =+COUNTIFS('muddati otgan'!B:B,A21,'muddati otgan'!J:J,"Kadastr yig'majildini shakllantirish") -> 0 | CD21: =CE21+CF21+CG21+CI21+CJ21+CH21 -> 1 | CE21: =+COUNTIFS('muddati otgan'!B:B,A21,'muddati otgan'!J:J,"Kadastr passportini shakllantirish") -> 1 | CF21: =+COUNTIFS('muddati otgan'!B:B,A21,'muddati otgan'!J:J,"Yig'ma jildni tasdiqlash") -> 0 | CG21: =+COUNTIFS('muddati otgan'!B:B,A21,'muddati otgan'!J:J,"To'lov yoki bepul tasdiqlash") -> 0 | CH21: =+COUNTIFS('muddati otgan'!B:B,A21,'muddati otgan'!J:J,"Bog'liq arizani kutish") -> 0 | CI21: =+COUNTIFS('muddati otgan'!B:B,A21,'muddati otgan'!J:J,"To'lovga chiqarish") -> 0 | CJ21: =+COUNTIFS('muddati otgan'!B:B,A21,'muddati otgan'!J:J,"Hisobga qo'yish") -> 0 | CK21: =+COUNTIFS('muddati otgan'!B:B,A21,'muddati otgan'!J:J,"To'lov kutilmoqda") -> 9 | CL21: =CM21+CN21+CO21+CP21+CQ21+CR21+CS21+CT21 -> 0 | CM21: =+COUNTIFS('muddati otgan'!B:B,A21,'muddati otgan'!AA:AA,"Arizani qabul qilish2") -> 0 | CN21: =+COUNTIFS('muddati otgan'!B:B,A21,'muddati otgan'!J:J,"Huquqlarni tekshirish") -> 0 | CO21: =+COUNTIFS('muddati otgan'!B:B,A21,'muddati otgan'!J:J,"Ko'chmas mulkni ro'yhatdan o'tkazishga qabul qilish") -> 0 | CP21: =+COUNTIFS('muddati otgan'!B:B,A21,'muddati otgan'!J:J,"Ro'yxatdan o'tkazish") -> 0 | CQ21: =+COUNTIFS('muddati otgan'!B:B,A21,'muddati otgan'!J:J,"Kadastr pasporti va ko'chirmani yuborish") -> 0 | CR21: =+COUNTIFS('muddati otgan'!B:B,A21,'muddati otgan'!AA:AA,"Rad qilish2") -> 0 | CS21: =+COUNTIFS('muddati otgan'!B:B,A21,'muddati otgan'!J:J,"Ko'chirmani yuborish") -> 0 | CT21: =+COUNTIFS('muddati otgan'!B:B,A21,'muddati otgan'!J:J,"Ma‘lumotlarni tekshirish") -> 0 | CU21: =CV21 -> 0 | CV21: =+COUNTIFS('muddati otgan'!B:B,A21,'muddati otgan'!J:J,"Kadastr yig'majildini chop etish va arxiv ishiga tikish") -> 0 | CW21: =CX21+CY21 -> 0 | CX21: =+COUNTIFS('muddati otgan'!B:B,A21,'muddati otgan'!J:J,"Kadastr yig‘majildini qabul qilish, arizani yakunlash") -> 0 | CY21: =+COUNTIFS('muddati otgan'!B:B,A21,'muddati otgan'!J:J,"Next Cloudga yuklash") -> 0 | CZ21: =+COUNTIFS('muddati otgan'!B:B,A21,'muddati otgan'!J:J,"Kelishish kutilmoqda") -> 0 | DA21: =+COUNTIFS('muddati otgan'!B:B,A21,'muddati otgan'!J:J,"Yakunlandi") -> 2 | DB21: =+COUNTIFS('muddati otgan'!B:B,A21,'muddati otgan'!J:J,"Rad etildi") -> 0 | DC21: =CK21+CZ21+DA21+DB21-D21 -> -7 | DD21: =COUNTIFS('jami 1-20 kunlik arizalar'!B:B,A:A,'jami 1-20 kunlik arizalar'!S:S,"1") -> 0 | DE21: =COUNTIFS('jami 1-20 kunlik arizalar'!B:B,A:A,'jami 1-20 kunlik arizalar'!S:S,"2") -> 0 | DF21: =COUNTIFS('jami 1-20 kunlik arizalar'!B:B,A:A,'jami 1-20 kunlik arizalar'!S:S,"3") -> 19 | DG21: =COUNTIFS('jami 1-20 kunlik arizalar'!B:B,A:A,'jami 1-20 kunlik arizalar'!S:S,"4") -> 13 | DH21: =COUNTIFS('jami 1-20 kunlik arizalar'!B:B,A:A,'jami 1-20 kunlik arizalar'!S:S,"5") -> 21 | DI21: =SUM(COUNTIFS('jami 1-20 kunlik arizalar'!B:B,A:A, 'jami 1-20 kunlik arizalar'!S:S, {6,7,8,9,10})) -> 50 | DJ21: =SUMPRODUCT(('jami 1-20 kunlik arizalar'!B:B=A21)*('jami 1-20 kunlik arizalar'!S:S>10)) -> 73
A22: 30703975990033 | C22: ABDIQODIROV AXMADJON | D22: =+COUNTIFS('muddati otgan'!C:C,A22,'muddati otgan'!C:C,A22) -> 0 | E22: =SUMIFS('muddati otgan'!$V:V,'muddati otgan'!$C:C,$A:A) -> 0 | F22: =SUMIFS('muddati otgan'!$W:W,'muddati otgan'!$C:C,$A:A) -> 0 | G22: =SUMIFS('muddati otgan'!$U:U,'muddati otgan'!$C:C,$A:A) -> 0 | H22: =SUMIFS('muddati otgan'!$G:G,'muddati otgan'!$C:C,$A:A) -> 0 | I22: =SUMIFS('muddati otgan'!$H:H,'muddati otgan'!$C:C,$A:A) -> 0 | J22: =K22+P22+Q22+R22+S22+T22+U22+V22+W22+L22+O22+M22+N22+X22 -> 0 | K22: =+COUNTIFS('muddati otgan'!C:C,A22,'muddati otgan'!AA:AA,"Arizani qabul qilish") -> 0 | L22: =+COUNTIFS('muddati otgan'!C:C,A22,'muddati otgan'!J:J,"Arizani rad etish") -> 0 | M22: =+COUNTIFS('muddati otgan'!C:C,A22,'muddati otgan'!J:J,"Arizani tasdiqlash") -> 0 | N22: =+COUNTIFS('muddati otgan'!C:C,A22,'muddati otgan'!J:J,"Arizani yo'naltirish") -> 0 | O22: =+COUNTIFS('muddati otgan'!C:C,A22,'muddati otgan'!J:J,"Rad qilish sababini o'rganish") -> 0 | P22: =+COUNTIFS('muddati otgan'!C:C,A22,'muddati otgan'!J:J,"Ko'chmas mulkni UZKAD ga migratsiya qilish") -> 0 | Q22: =+COUNTIFS('muddati otgan'!C:C,A22,'muddati otgan'!J:J,"Migratisya qilingan obyekt holatini tekshirish") -> 0 | R22: =+COUNTIFS('muddati otgan'!C:C,A22,'muddati otgan'!J:J,"Ko‘chmas mulkni tanlash") -> 0 | S22: =+COUNTIFS('muddati otgan'!C:C,A22,'muddati otgan'!J:J,"Arizani ko'rib chiqish") -> 0 | T22: =+COUNTIFS('muddati otgan'!C:C,A22,'muddati otgan'!J:J,"Kadastr muhandisini tanlash") -> 0 | U22: =+COUNTIFS('muddati otgan'!C:C,A22,'muddati otgan'!J:J,"Ko'chmas mulk turini tanlahsh") -> 0 | V22: =+COUNTIFS('muddati otgan'!C:C,A22,'muddati otgan'!AA:AA,"Rad qilish") -> 0 | W22: =+COUNTIFS('muddati otgan'!C:C,A22,'muddati otgan'!J:J,"ijrochi tanlash") -> 0 | X22: =+COUNTIFS('muddati otgan'!C:C,A22,'muddati otgan'!J:J,"Ko'chmas mulk turini tanlash") -> 0 | Y22: =Z22+AD22+AF22+AE22+AC22+AB22+AA22 -> 0 | Z22: =+COUNTIFS('muddati otgan'!C:C,A22,'muddati otgan'!J:J,"Ijroga qabul qilish") -> 0 | AA22: =+COUNTIFS('muddati otgan'!C:C,A22,'muddati otgan'!J:J,"Joyida o'rganish va ma'lumotlarni kiritish") -> 0 | AB22: =+COUNTIFS('muddati otgan'!C:C,A22,'muddati otgan'!J:J,"Asosiy qismdan ajratish jarayonida") -> 0 | AC22: =+COUNTIFS('muddati otgan'!C:C,A22,'muddati otgan'!J:J,"Umumiy foydalanishdagi obyekt yaratilish") -> 0 | AD22: =+COUNTIFS('muddati otgan'!C:C,A22,'muddati otgan'!J:J,"Migratsiya qilinadigan kadastr raqamini kiritish") -> 0 | AE22: =+COUNTIFS('muddati otgan'!C:C,A22,'muddati otgan'!J:J,"O'zida qolgan obyektni yaratish") -> 0 | AF22: =+COUNTIFS('muddati otgan'!C:C,A22,'muddati otgan'!J:J,"O'lchov natijalarini kiritish") -> 0 | AG22: =+COUNTIFS('muddati otgan'!C:C,A22,'muddati otgan'!J:J,"Topoxaritani tayyorlash (dwg, pdf)") -> 0 | AH22: =AI22 -> 0 | AI22: =+COUNTIFS('muddati otgan'!C:C,A22,'muddati otgan'!J:J,"Yer uchastkasini yaratish") -> 0 | AJ22: =AK22 -> 0 | AK22: =+COUNTIFS('muddati otgan'!C:C,A22,'muddati otgan'!J:J,"Kelishish (Boshqarma)") -> 0 | AL22: =AM22+AN22+AO22 -> 0 | AM22: =+COUNTIFS('muddati otgan'!C:C,A22,'muddati otgan'!J:J,"Kelishish (DKP)") -> 0 | AN22: =+COUNTIFS('muddati otgan'!C:C,A22,'muddati otgan'!J:J,"Kelishish") -> 0 | AO22: =+COUNTIFS('muddati otgan'!C:C,A22,'muddati otgan'!J:J,"Kelishish (Registratsiya DKP)") -> 0 | AP22: =AQ22+AR22+AS22+AT22 -> 0 | AQ22: =+COUNTIFS('muddati otgan'!C:C,A22,'muddati otgan'!J:J,"Manzil biriktirish") -> 0 | AR22: =+COUNTIFS('muddati otgan'!C:C,A22,'muddati otgan'!J:J,"Bino va inshootlarni yaratish") -> 0 | AS22: =+COUNTIFS('muddati otgan'!C:C,A22,'muddati otgan'!J:J,"Dov daraxtlarni yaratish") -> 0 | AT22: =+COUNTIFS('muddati otgan'!C:C,A22,'muddati otgan'!J:J,"Yer uchastkasini tahrirlash") -> 0 | AU22: =AV22+AW22+AX22+AY22+AZ22 -> 0 | AV22: =+COUNTIFS('muddati otgan'!C:C,A22,'muddati otgan'!J:J,"Yer toifasi va maqsadini kiritish") -> 0 | AW22: =+COUNTIFS('muddati otgan'!C:C,A22,'muddati otgan'!J:J,"Auksion yer tekshirish") -> 0 | AX22: =+COUNTIFS('muddati otgan'!C:C,A22,'muddati otgan'!J:J,"Yer turlarini kiritish") -> 0 | AY22: =+COUNTIFS('muddati otgan'!C:C,A22,'muddati otgan'!J:J,"Ma'lumotlarni kiritish") -> 0 | AZ22: =+COUNTIFS('muddati otgan'!C:C,A22,'muddati otgan'!J:J,"Yer tekshirish") -> 0 | BA22: =BB22+BC22+BD22+BE22+BF22+BG22+BH22+BI22+BJ22+BK22 -> 0 | BB22: =+COUNTIFS('muddati otgan'!C:C,A22,'muddati otgan'!J:J,"Bino va inshoot ma'lumotlarini to‘ldirish") -> 0 | BC22: =+COUNTIFS('muddati otgan'!C:C,A22,'muddati otgan'!J:J,"Inventarizatsiya ma'lumotlarini to‘ldirish") -> 0 | BD22: =+COUNTIFS('muddati otgan'!C:C,A22,'muddati otgan'!J:J,"Yer uchastkasiga huquqiy hujjatlarni kiritsh") -> 0 | BE22: =+COUNTIFS('muddati otgan'!C:C,A22,'muddati otgan'!J:J,"Bino-inshootlarga huquqiy hujjatlarni kiritsh") -> 0 | BF22: =+COUNTIFS('muddati otgan'!C:C,A22,'muddati otgan'!J:J,"Kadastr qiymatini hisoblash va kiritish") -> 0 | BG22: =+COUNTIFS('muddati otgan'!C:C,A22,'muddati otgan'!J:J,"Kadastr raqam biriktirish") -> 0 | BH22: =+COUNTIFS('muddati otgan'!C:C,A22,'muddati otgan'!J:J,"Kadastr yig'ma jildni tayyorlash") -> 0 | BI22: =+COUNTIFS('muddati otgan'!C:C,A22,'muddati otgan'!J:J,"Huquqni yaratish") -> 0 | BJ22: =+COUNTIFS('muddati otgan'!C:C,A22,'muddati otgan'!J:J,"Hujjatlarni o'rganish") -> 0 | BK22: =+COUNTIFS('muddati otgan'!C:C,A22,'muddati otgan'!J:J,"Ma'lumotlarni tekshirish") -> 0 | BL22: =BM22+BN22+BP22+BO22+BQ22 -> 0 | BM22: =+COUNTIFS('muddati otgan'!C:C,A22,'muddati otgan'!J:J,"Tekshirish") -> 0 | BN22: =+COUNTIFS('muddati otgan'!C:C,A22,'muddati otgan'!J:J,"Hujjatlarni tekshirish") -> 0 | BO22: =+COUNTIFS('muddati otgan'!C:C,A22,'muddati otgan'!J:J,"Tasdiqlash") -> 0 | BP22: =+COUNTIFS('muddati otgan'!C:C,A22,'muddati otgan'!J:J,"tekshirish/tasdiqlash") -> 0 | BQ22: =+COUNTIFS('muddati otgan'!C:C,A22,'muddati otgan'!J:J,"Ma'lumotlarni tasdiqlash") -> 0 | BR22: =BS22+BU22+BV22+BW22+BX22+BY22-BT22 -> 0 | BS22: =+COUNTIFS('muddati otgan'!C:C,A22,'muddati otgan'!J:J,"Ro'yxatdan o'tkazish ma'lumotlarini tekshirish") -> 0 | BT22: =+COUNTIFS('muddati otgan'!C:C,A22,'muddati otgan'!J:J,"Kamchiliklar bo'yicha habarnoma yuborish va 3 kunga to'xtatish") -> 0 | BU22: =+COUNTIFS('muddati otgan'!C:C,A22,'muddati otgan'!J:J,"Hisobga olish") -> 0 | BV22: =+COUNTIFS('muddati otgan'!C:C,A22,'muddati otgan'!J:J,"Yer uchastkasiga huquq yaratish") -> 0 | BW22: =+COUNTIFS('muddati otgan'!C:C,A22,'muddati otgan'!J:J,"Bino-inshootga huquq yaratish") -> 0 | BX22: =+COUNTIFS('muddati otgan'!C:C,A22,'muddati otgan'!J:J,"Cheklov yaratish") -> 0 | BY22: =+COUNTIFS('muddati otgan'!C:C,A22,'muddati otgan'!J:J,"Taqiq yaratish") -> 0 | BZ22: =CA22 -> 0 | CA22: =+COUNTIFS('muddati otgan'!C:C,A22,'muddati otgan'!J:J,"Soliq maydonini tekshirish") -> 0 | CB22: =CC22 -> 0 | CC22: =+COUNTIFS('muddati otgan'!C:C,A22,'muddati otgan'!J:J,"Kadastr yig'majildini shakllantirish") -> 0 | CD22: =CE22+CF22+CG22+CI22+CJ22+CH22 -> 0 | CE22: =+COUNTIFS('muddati otgan'!C:C,A22,'muddati otgan'!J:J,"Kadastr passportini shakllantirish") -> 0 | CF22: =+COUNTIFS('muddati otgan'!C:C,A22,'muddati otgan'!J:J,"Yig'ma jildni tasdiqlash") -> 0 | CG22: =+COUNTIFS('muddati otgan'!C:C,A22,'muddati otgan'!J:J,"To'lov yoki bepul tasdiqlash") -> 0 | CH22: =+COUNTIFS('muddati otgan'!C:C,A22,'muddati otgan'!J:J,"Bog'liq arizani kutish") -> 0 | CI22: =+COUNTIFS('muddati otgan'!C:C,A22,'muddati otgan'!J:J,"To'lovga chiqarish") -> 0 | CJ22: =+COUNTIFS('muddati otgan'!C:C,A22,'muddati otgan'!J:J,"Hisobga qo'yish") -> 0 | CK22: =+COUNTIFS('muddati otgan'!C:C,A22,'muddati otgan'!J:J,"To'lov kutilmoqda") -> 0 | CL22: =CM22+CN22+CO22+CP22+CQ22+CR22+CS22+CT22 -> 0 | CM22: =+COUNTIFS('muddati otgan'!C:C,A22,'muddati otgan'!AA:AA,"Arizani qabul qilish2") -> 0 | CN22: =+COUNTIFS('muddati otgan'!C:C,A22,'muddati otgan'!J:J,"Huquqlarni tekshirish") -> 0 | CO22: =+COUNTIFS('muddati otgan'!C:C,A22,'muddati otgan'!J:J,"Ko'chmas mulkni ro'yhatdan o'tkazishga qabul qilish") -> 0 | CP22: =+COUNTIFS('muddati otgan'!C:C,A22,'muddati otgan'!J:J,"Ro'yxatdan o'tkazish") -> 0 | CQ22: =+COUNTIFS('muddati otgan'!C:C,A22,'muddati otgan'!J:J,"Kadastr pasporti va ko'chirmani yuborish") -> 0 | CR22: =+COUNTIFS('muddati otgan'!C:C,A22,'muddati otgan'!AA:AA,"Rad qilish2") -> 0 | CS22: =+COUNTIFS('muddati otgan'!C:C,A22,'muddati otgan'!J:J,"Ko'chirmani yuborish") -> 0 | CT22: =+COUNTIFS('muddati otgan'!C:C,A22,'muddati otgan'!J:J,"Ma‘lumotlarni tekshirish") -> 0 | CU22: =CV22 -> 0 | CV22: =+COUNTIFS('muddati otgan'!C:C,A22,'muddati otgan'!J:J,"Kadastr yig'majildini chop etish va arxiv ishiga tikish") -> 0 | CW22: =CX22+CY22 -> 0 | CX22: =+COUNTIFS('muddati otgan'!C:C,A22,'muddati otgan'!J:J,"Kadastr yig‘majildini qabul qilish, arizani yakunlash") -> 0 | CY22: =+COUNTIFS('muddati otgan'!C:C,A22,'muddati otgan'!J:J,"Next Cloudga yuklash") -> 0 | CZ22: =+COUNTIFS('muddati otgan'!C:C,A22,'muddati otgan'!J:J,"Kelishish kutilmoqda") -> 0 | DA22: =+COUNTIFS('muddati otgan'!C:C,A22,'muddati otgan'!J:J,"Yakunlandi") -> 0 | DB22: =+COUNTIFS('muddati otgan'!C:C,A22,'muddati otgan'!J:J,"Rad etildi") -> 0 | DC22: =CK22+CZ22+DA22+DB22-D22 -> 0 | DD22: =COUNTIFS('jami 1-20 kunlik arizalar'!C:C,A:A,'jami 1-20 kunlik arizalar'!S:S,"1") -> 0 | DE22: =COUNTIFS('jami 1-20 kunlik arizalar'!C:C,A:A,'jami 1-20 kunlik arizalar'!S:S,"2") -> 0 | DF22: =COUNTIFS('jami 1-20 kunlik arizalar'!C:C,A:A,'jami 1-20 kunlik arizalar'!S:S,"3") -> 2 | DG22: =COUNTIFS('jami 1-20 kunlik arizalar'!C:C,A:A,'jami 1-20 kunlik arizalar'!S:S,"4") -> 1 | DH22: =COUNTIFS('jami 1-20 kunlik arizalar'!C:C,A:A,'jami 1-20 kunlik arizalar'!S:S,"5") -> 0 | DI22: =SUM(COUNTIFS('jami 1-20 kunlik arizalar'!C:C,A:A, 'jami 1-20 kunlik arizalar'!S:S, {6,7,8,9,10})) -> 6 | DJ22: =SUM(COUNTIFS('jami 1-20 kunlik arizalar'!C:C,A:A, 'jami 1-20 kunlik arizalar'!S:S, ">10")) -> 0
A23: 51604025990014 | C23: DAVLATSHEROV DIYORBEK | D23: =+COUNTIFS('muddati otgan'!C:C,A23,'muddati otgan'!C:C,A23) -> 2 | E23: =SUMIFS('muddati otgan'!$V:V,'muddati otgan'!$C:C,$A:A) -> 0 | F23: =SUMIFS('muddati otgan'!$W:W,'muddati otgan'!$C:C,$A:A) -> 0 | G23: =SUMIFS('muddati otgan'!$U:U,'muddati otgan'!$C:C,$A:A) -> 2 | H23: =SUMIFS('muddati otgan'!$G:G,'muddati otgan'!$C:C,$A:A) -> 2 | I23: =SUMIFS('muddati otgan'!$H:H,'muddati otgan'!$C:C,$A:A) -> 0 | J23: =K23+P23+Q23+R23+S23+T23+U23+V23+W23+L23+O23+M23+N23+X23 -> 0 | K23: =+COUNTIFS('muddati otgan'!C:C,A23,'muddati otgan'!AA:AA,"Arizani qabul qilish") -> 0 | L23: =+COUNTIFS('muddati otgan'!C:C,A23,'muddati otgan'!J:J,"Arizani rad etish") -> 0 | M23: =+COUNTIFS('muddati otgan'!C:C,A23,'muddati otgan'!J:J,"Arizani tasdiqlash") -> 0 | N23: =+COUNTIFS('muddati otgan'!C:C,A23,'muddati otgan'!J:J,"Arizani yo'naltirish") -> 0 | O23: =+COUNTIFS('muddati otgan'!C:C,A23,'muddati otgan'!J:J,"Rad qilish sababini o'rganish") -> 0 | P23: =+COUNTIFS('muddati otgan'!C:C,A23,'muddati otgan'!J:J,"Ko'chmas mulkni UZKAD ga migratsiya qilish") -> 0 | Q23: =+COUNTIFS('muddati otgan'!C:C,A23,'muddati otgan'!J:J,"Migratisya qilingan obyekt holatini tekshirish") -> 0 | R23: =+COUNTIFS('muddati otgan'!C:C,A23,'muddati otgan'!J:J,"Ko‘chmas mulkni tanlash") -> 0 | S23: =+COUNTIFS('muddati otgan'!C:C,A23,'muddati otgan'!J:J,"Arizani ko'rib chiqish") -> 0 | T23: =+COUNTIFS('muddati otgan'!C:C,A23,'muddati otgan'!J:J,"Kadastr muhandisini tanlash") -> 0 | U23: =+COUNTIFS('muddati otgan'!C:C,A23,'muddati otgan'!J:J,"Ko'chmas mulk turini tanlahsh") -> 0 | V23: =+COUNTIFS('muddati otgan'!C:C,A23,'muddati otgan'!AA:AA,"Rad qilish") -> 0 | W23: =+COUNTIFS('muddati otgan'!C:C,A23,'muddati otgan'!J:J,"ijrochi tanlash") -> 0 | X23: =+COUNTIFS('muddati otgan'!C:C,A23,'muddati otgan'!J:J,"Ko'chmas mulk turini tanlash") -> 0 | Y23: =Z23+AD23+AF23+AE23+AC23+AB23+AA23 -> 0 | Z23: =+COUNTIFS('muddati otgan'!C:C,A23,'muddati otgan'!J:J,"Ijroga qabul qilish") -> 0 | AA23: =+COUNTIFS('muddati otgan'!C:C,A23,'muddati otgan'!J:J,"Joyida o'rganish va ma'lumotlarni kiritish") -> 0 | AB23: =+COUNTIFS('muddati otgan'!C:C,A23,'muddati otgan'!J:J,"Asosiy qismdan ajratish jarayonida") -> 0 | AC23: =+COUNTIFS('muddati otgan'!C:C,A23,'muddati otgan'!J:J,"Umumiy foydalanishdagi obyekt yaratilish") -> 0 | AD23: =+COUNTIFS('muddati otgan'!C:C,A23,'muddati otgan'!J:J,"Migratsiya qilinadigan kadastr raqamini kiritish") -> 0 | AE23: =+COUNTIFS('muddati otgan'!C:C,A23,'muddati otgan'!J:J,"O'zida qolgan obyektni yaratish") -> 0 | AF23: =+COUNTIFS('muddati otgan'!C:C,A23,'muddati otgan'!J:J,"O'lchov natijalarini kiritish") -> 0 | AG23: =+COUNTIFS('muddati otgan'!C:C,A23,'muddati otgan'!J:J,"Topoxaritani tayyorlash (dwg, pdf)") -> 0 | AH23: =AI23 -> 0 | AI23: =+COUNTIFS('muddati otgan'!C:C,A23,'muddati otgan'!J:J,"Yer uchastkasini yaratish") -> 0 | AJ23: =AK23 -> 0 | AK23: =+COUNTIFS('muddati otgan'!C:C,A23,'muddati otgan'!J:J,"Kelishish (Boshqarma)") -> 0 | AL23: =AM23+AN23+AO23 -> 0 | AM23: =+COUNTIFS('muddati otgan'!C:C,A23,'muddati otgan'!J:J,"Kelishish (DKP)") -> 0 | AN23: =+COUNTIFS('muddati otgan'!C:C,A23,'muddati otgan'!J:J,"Kelishish") -> 0 | AO23: =+COUNTIFS('muddati otgan'!C:C,A23,'muddati otgan'!J:J,"Kelishish (Registratsiya DKP)") -> 0 | AP23: =AQ23+AR23+AS23+AT23 -> 0 | AQ23: =+COUNTIFS('muddati otgan'!C:C,A23,'muddati otgan'!J:J,"Manzil biriktirish") -> 0 | AR23: =+COUNTIFS('muddati otgan'!C:C,A23,'muddati otgan'!J:J,"Bino va inshootlarni yaratish") -> 0 | AS23: =+COUNTIFS('muddati otgan'!C:C,A23,'muddati otgan'!J:J,"Dov daraxtlarni yaratish") -> 0 | AT23: =+COUNTIFS('muddati otgan'!C:C,A23,'muddati otgan'!J:J,"Yer uchastkasini tahrirlash") -> 0 | AU23: =AV23+AW23+AX23+AY23+AZ23 -> 0 | AV23: =+COUNTIFS('muddati otgan'!C:C,A23,'muddati otgan'!J:J,"Yer toifasi va maqsadini kiritish") -> 0 | AW23: =+COUNTIFS('muddati otgan'!C:C,A23,'muddati otgan'!J:J,"Auksion yer tekshirish") -> 0 | AX23: =+COUNTIFS('muddati otgan'!C:C,A23,'muddati otgan'!J:J,"Yer turlarini kiritish") -> 0 | AY23: =+COUNTIFS('muddati otgan'!C:C,A23,'muddati otgan'!J:J,"Ma'lumotlarni kiritish") -> 0 | AZ23: =+COUNTIFS('muddati otgan'!C:C,A23,'muddati otgan'!J:J,"Yer tekshirish") -> 0 | BA23: =BB23+BC23+BD23+BE23+BF23+BG23+BH23+BI23+BJ23+BK23 -> 0 | BB23: =+COUNTIFS('muddati otgan'!C:C,A23,'muddati otgan'!J:J,"Bino va inshoot ma'lumotlarini to‘ldirish") -> 0 | BC23: =+COUNTIFS('muddati otgan'!C:C,A23,'muddati otgan'!J:J,"Inventarizatsiya ma'lumotlarini to‘ldirish") -> 0 | BD23: =+COUNTIFS('muddati otgan'!C:C,A23,'muddati otgan'!J:J,"Yer uchastkasiga huquqiy hujjatlarni kiritsh") -> 0 | BE23: =+COUNTIFS('muddati otgan'!C:C,A23,'muddati otgan'!J:J,"Bino-inshootlarga huquqiy hujjatlarni kiritsh") -> 0 | BF23: =+COUNTIFS('muddati otgan'!C:C,A23,'muddati otgan'!J:J,"Kadastr qiymatini hisoblash va kiritish") -> 0 | BG23: =+COUNTIFS('muddati otgan'!C:C,A23,'muddati otgan'!J:J,"Kadastr raqam biriktirish") -> 0 | BH23: =+COUNTIFS('muddati otgan'!C:C,A23,'muddati otgan'!J:J,"Kadastr yig'ma jildni tayyorlash") -> 0 | BI23: =+COUNTIFS('muddati otgan'!C:C,A23,'muddati otgan'!J:J,"Huquqni yaratish") -> 0 | BJ23: =+COUNTIFS('muddati otgan'!C:C,A23,'muddati otgan'!J:J,"Hujjatlarni o'rganish") -> 0 | BK23: =+COUNTIFS('muddati otgan'!C:C,A23,'muddati otgan'!J:J,"Ma'lumotlarni tekshirish") -> 0 | BL23: =BM23+BN23+BP23+BO23+BQ23 -> 0 | BM23: =+COUNTIFS('muddati otgan'!C:C,A23,'muddati otgan'!J:J,"Tekshirish") -> 0 | BN23: =+COUNTIFS('muddati otgan'!C:C,A23,'muddati otgan'!J:J,"Hujjatlarni tekshirish") -> 0 | BO23: =+COUNTIFS('muddati otgan'!C:C,A23,'muddati otgan'!J:J,"Tasdiqlash") -> 0 | BP23: =+COUNTIFS('muddati otgan'!C:C,A23,'muddati otgan'!J:J,"tekshirish/tasdiqlash") -> 0 | BQ23: =+COUNTIFS('muddati otgan'!C:C,A23,'muddati otgan'!J:J,"Ma'lumotlarni tasdiqlash") -> 0 | BR23: =BS23+BU23+BV23+BW23+BX23+BY23-BT23 -> 0 | BS23: =+COUNTIFS('muddati otgan'!C:C,A23,'muddati otgan'!J:J,"Ro'yxatdan o'tkazish ma'lumotlarini tekshirish") -> 0 | BT23: =+COUNTIFS('muddati otgan'!C:C,A23,'muddati otgan'!J:J,"Kamchiliklar bo'yicha habarnoma yuborish va 3 kunga to'xtatish") -> 0 | BU23: =+COUNTIFS('muddati otgan'!C:C,A23,'muddati otgan'!J:J,"Hisobga olish") -> 0 | BV23: =+COUNTIFS('muddati otgan'!C:C,A23,'muddati otgan'!J:J,"Yer uchastkasiga huquq yaratish") -> 0 | BW23: =+COUNTIFS('muddati otgan'!C:C,A23,'muddati otgan'!J:J,"Bino-inshootga huquq yaratish") -> 0 | BX23: =+COUNTIFS('muddati otgan'!C:C,A23,'muddati otgan'!J:J,"Cheklov yaratish") -> 0 | BY23: =+COUNTIFS('muddati otgan'!C:C,A23,'muddati otgan'!J:J,"Taqiq yaratish") -> 0 | BZ23: =CA23 -> 0 | CA23: =+COUNTIFS('muddati otgan'!C:C,A23,'muddati otgan'!J:J,"Soliq maydonini tekshirish") -> 0 | CB23: =CC23 -> 0 | CC23: =+COUNTIFS('muddati otgan'!C:C,A23,'muddati otgan'!J:J,"Kadastr yig'majildini shakllantirish") -> 0 | CD23: =CE23+CF23+CG23+CI23+CJ23+CH23 -> 0 | CE23: =+COUNTIFS('muddati otgan'!C:C,A23,'muddati otgan'!J:J,"Kadastr passportini shakllantirish") -> 0 | CF23: =+COUNTIFS('muddati otgan'!C:C,A23,'muddati otgan'!J:J,"Yig'ma jildni tasdiqlash") -> 0 | CG23: =+COUNTIFS('muddati otgan'!C:C,A23,'muddati otgan'!J:J,"To'lov yoki bepul tasdiqlash") -> 0 | CH23: =+COUNTIFS('muddati otgan'!C:C,A23,'muddati otgan'!J:J,"Bog'liq arizani kutish") -> 0 | CI23: =+COUNTIFS('muddati otgan'!C:C,A23,'muddati otgan'!J:J,"To'lovga chiqarish") -> 0 | CJ23: =+COUNTIFS('muddati otgan'!C:C,A23,'muddati otgan'!J:J,"Hisobga qo'yish") -> 0 | CK23: =+COUNTIFS('muddati otgan'!C:C,A23,'muddati otgan'!J:J,"To'lov kutilmoqda") -> 2 | CL23: =CM23+CN23+CO23+CP23+CQ23+CR23+CS23+CT23 -> 0 | CM23: =+COUNTIFS('muddati otgan'!C:C,A23,'muddati otgan'!AA:AA,"Arizani qabul qilish2") -> 0 | CN23: =+COUNTIFS('muddati otgan'!C:C,A23,'muddati otgan'!J:J,"Huquqlarni tekshirish") -> 0 | CO23: =+COUNTIFS('muddati otgan'!C:C,A23,'muddati otgan'!J:J,"Ko'chmas mulkni ro'yhatdan o'tkazishga qabul qilish") -> 0 | CP23: =+COUNTIFS('muddati otgan'!C:C,A23,'muddati otgan'!J:J,"Ro'yxatdan o'tkazish") -> 0 | CQ23: =+COUNTIFS('muddati otgan'!C:C,A23,'muddati otgan'!J:J,"Kadastr pasporti va ko'chirmani yuborish") -> 0 | CR23: =+COUNTIFS('muddati otgan'!C:C,A23,'muddati otgan'!AA:AA,"Rad qilish2") -> 0 | CS23: =+COUNTIFS('muddati otgan'!C:C,A23,'muddati otgan'!J:J,"Ko'chirmani yuborish") -> 0 | CT23: =+COUNTIFS('muddati otgan'!C:C,A23,'muddati otgan'!J:J,"Ma‘lumotlarni tekshirish") -> 0 | CU23: =CV23 -> 0 | CV23: =+COUNTIFS('muddati otgan'!C:C,A23,'muddati otgan'!J:J,"Kadastr yig'majildini chop etish va arxiv ishiga tikish") -> 0 | CW23: =CX23+CY23 -> 0 | CX23: =+COUNTIFS('muddati otgan'!C:C,A23,'muddati otgan'!J:J,"Kadastr yig‘majildini qabul qilish, arizani yakunlash") -> 0 | CY23: =+COUNTIFS('muddati otgan'!C:C,A23,'muddati otgan'!J:J,"Next Cloudga yuklash") -> 0 | CZ23: =+COUNTIFS('muddati otgan'!C:C,A23,'muddati otgan'!J:J,"Kelishish kutilmoqda") -> 0 | DA23: =+COUNTIFS('muddati otgan'!C:C,A23,'muddati otgan'!J:J,"Yakunlandi") -> 0 | DB23: =+COUNTIFS('muddati otgan'!C:C,A23,'muddati otgan'!J:J,"Rad etildi") -> 0 | DC23: =CK23+CZ23+DA23+DB23-D23 -> 0 | DD23: =COUNTIFS('jami 1-20 kunlik arizalar'!C:C,A:A,'jami 1-20 kunlik arizalar'!S:S,"1") -> 0 | DE23: =COUNTIFS('jami 1-20 kunlik arizalar'!C:C,A:A,'jami 1-20 kunlik arizalar'!S:S,"2") -> 0 | DF23: =COUNTIFS('jami 1-20 kunlik arizalar'!C:C,A:A,'jami 1-20 kunlik arizalar'!S:S,"3") -> 3 | DG23: =COUNTIFS('jami 1-20 kunlik arizalar'!C:C,A:A,'jami 1-20 kunlik arizalar'!S:S,"4") -> 2 | DH23: =COUNTIFS('jami 1-20 kunlik arizalar'!C:C,A:A,'jami 1-20 kunlik arizalar'!S:S,"5") -> 2 | DI23: =SUM(COUNTIFS('jami 1-20 kunlik arizalar'!C:C,A:A, 'jami 1-20 kunlik arizalar'!S:S, {6,7,8,9,10})) -> 9 | DJ23: =SUM(COUNTIFS('jami 1-20 kunlik arizalar'!C:C,A:A, 'jami 1-20 kunlik arizalar'!S:S, ">10")) -> 1
A24: 52912005920018 | C24: ERKINBOYEV MUXRIDDIN | D24: =+COUNTIFS('muddati otgan'!C:C,A24,'muddati otgan'!C:C,A24) -> 0 | E24: =SUMIFS('muddati otgan'!$V:V,'muddati otgan'!$C:C,$A:A) -> 0 | F24: =SUMIFS('muddati otgan'!$W:W,'muddati otgan'!$C:C,$A:A) -> 0 | G24: =SUMIFS('muddati otgan'!$U:U,'muddati otgan'!$C:C,$A:A) -> 0 | H24: =SUMIFS('muddati otgan'!$G:G,'muddati otgan'!$C:C,$A:A) -> 0 | I24: =SUMIFS('muddati otgan'!$H:H,'muddati otgan'!$C:C,$A:A) -> 0 | J24: =K24+P24+Q24+R24+S24+T24+U24+V24+W24+L24+O24+M24+N24+X24 -> 0 | K24: =+COUNTIFS('muddati otgan'!C:C,A24,'muddati otgan'!AA:AA,"Arizani qabul qilish") -> 0 | L24: =+COUNTIFS('muddati otgan'!C:C,A24,'muddati otgan'!J:J,"Arizani rad etish") -> 0 | M24: =+COUNTIFS('muddati otgan'!C:C,A24,'muddati otgan'!J:J,"Arizani tasdiqlash") -> 0 | N24: =+COUNTIFS('muddati otgan'!C:C,A24,'muddati otgan'!J:J,"Arizani yo'naltirish") -> 0 | O24: =+COUNTIFS('muddati otgan'!C:C,A24,'muddati otgan'!J:J,"Rad qilish sababini o'rganish") -> 0 | P24: =+COUNTIFS('muddati otgan'!C:C,A24,'muddati otgan'!J:J,"Ko'chmas mulkni UZKAD ga migratsiya qilish") -> 0 | Q24: =+COUNTIFS('muddati otgan'!C:C,A24,'muddati otgan'!J:J,"Migratisya qilingan obyekt holatini tekshirish") -> 0 | R24: =+COUNTIFS('muddati otgan'!C:C,A24,'muddati otgan'!J:J,"Ko‘chmas mulkni tanlash") -> 0 | S24: =+COUNTIFS('muddati otgan'!C:C,A24,'muddati otgan'!J:J,"Arizani ko'rib chiqish") -> 0 | T24: =+COUNTIFS('muddati otgan'!C:C,A24,'muddati otgan'!J:J,"Kadastr muhandisini tanlash") -> 0 | U24: =+COUNTIFS('muddati otgan'!C:C,A24,'muddati otgan'!J:J,"Ko'chmas mulk turini tanlahsh") -> 0 | V24: =+COUNTIFS('muddati otgan'!C:C,A24,'muddati otgan'!AA:AA,"Rad qilish") -> 0 | W24: =+COUNTIFS('muddati otgan'!C:C,A24,'muddati otgan'!J:J,"ijrochi tanlash") -> 0 | X24: =+COUNTIFS('muddati otgan'!C:C,A24,'muddati otgan'!J:J,"Ko'chmas mulk turini tanlash") -> 0 | Y24: =Z24+AD24+AF24+AE24+AC24+AB24+AA24 -> 0 | Z24: =+COUNTIFS('muddati otgan'!C:C,A24,'muddati otgan'!J:J,"Ijroga qabul qilish") -> 0 | AA24: =+COUNTIFS('muddati otgan'!C:C,A24,'muddati otgan'!J:J,"Joyida o'rganish va ma'lumotlarni kiritish") -> 0 | AB24: =+COUNTIFS('muddati otgan'!C:C,A24,'muddati otgan'!J:J,"Asosiy qismdan ajratish jarayonida") -> 0 | AC24: =+COUNTIFS('muddati otgan'!C:C,A24,'muddati otgan'!J:J,"Umumiy foydalanishdagi obyekt yaratilish") -> 0 | AD24: =+COUNTIFS('muddati otgan'!C:C,A24,'muddati otgan'!J:J,"Migratsiya qilinadigan kadastr raqamini kiritish") -> 0 | AE24: =+COUNTIFS('muddati otgan'!C:C,A24,'muddati otgan'!J:J,"O'zida qolgan obyektni yaratish") -> 0 | AF24: =+COUNTIFS('muddati otgan'!C:C,A24,'muddati otgan'!J:J,"O'lchov natijalarini kiritish") -> 0 | AG24: =+COUNTIFS('muddati otgan'!C:C,A24,'muddati otgan'!J:J,"Topoxaritani tayyorlash (dwg, pdf)") -> 0 | AH24: =AI24 -> 0 | AI24: =+COUNTIFS('muddati otgan'!C:C,A24,'muddati otgan'!J:J,"Yer uchastkasini yaratish") -> 0 | AJ24: =AK24 -> 0 | AK24: =+COUNTIFS('muddati otgan'!C:C,A24,'muddati otgan'!J:J,"Kelishish (Boshqarma)") -> 0 | AL24: =AM24+AN24+AO24 -> 0 | AM24: =+COUNTIFS('muddati otgan'!C:C,A24,'muddati otgan'!J:J,"Kelishish (DKP)") -> 0 | AN24: =+COUNTIFS('muddati otgan'!C:C,A24,'muddati otgan'!J:J,"Kelishish") -> 0 | AO24: =+COUNTIFS('muddati otgan'!C:C,A24,'muddati otgan'!J:J,"Kelishish (Registratsiya DKP)") -> 0 | AP24: =AQ24+AR24+AS24+AT24 -> 0 | AQ24: =+COUNTIFS('muddati otgan'!C:C,A24,'muddati otgan'!J:J,"Manzil biriktirish") -> 0 | AR24: =+COUNTIFS('muddati otgan'!C:C,A24,'muddati otgan'!J:J,"Bino va inshootlarni yaratish") -> 0 | AS24: =+COUNTIFS('muddati otgan'!C:C,A24,'muddati otgan'!J:J,"Dov daraxtlarni yaratish") -> 0 | AT24: =+COUNTIFS('muddati otgan'!C:C,A24,'muddati otgan'!J:J,"Yer uchastkasini tahrirlash") -> 0 | AU24: =AV24+AW24+AX24+AY24+AZ24 -> 0 | AV24: =+COUNTIFS('muddati otgan'!C:C,A24,'muddati otgan'!J:J,"Yer toifasi va maqsadini kiritish") -> 0 | AW24: =+COUNTIFS('muddati otgan'!C:C,A24,'muddati otgan'!J:J,"Auksion yer tekshirish") -> 0 | AX24: =+COUNTIFS('muddati otgan'!C:C,A24,'muddati otgan'!J:J,"Yer turlarini kiritish") -> 0 | AY24: =+COUNTIFS('muddati otgan'!C:C,A24,'muddati otgan'!J:J,"Ma'lumotlarni kiritish") -> 0 | AZ24: =+COUNTIFS('muddati otgan'!C:C,A24,'muddati otgan'!J:J,"Yer tekshirish") -> 0 | BA24: =BB24+BC24+BD24+BE24+BF24+BG24+BH24+BI24+BJ24+BK24 -> 0 | BB24: =+COUNTIFS('muddati otgan'!C:C,A24,'muddati otgan'!J:J,"Bino va inshoot ma'lumotlarini to‘ldirish") -> 0 | BC24: =+COUNTIFS('muddati otgan'!C:C,A24,'muddati otgan'!J:J,"Inventarizatsiya ma'lumotlarini to‘ldirish") -> 0 | BD24: =+COUNTIFS('muddati otgan'!C:C,A24,'muddati otgan'!J:J,"Yer uchastkasiga huquqiy hujjatlarni kiritsh") -> 0 | BE24: =+COUNTIFS('muddati otgan'!C:C,A24,'muddati otgan'!J:J,"Bino-inshootlarga huquqiy hujjatlarni kiritsh") -> 0 | BF24: =+COUNTIFS('muddati otgan'!C:C,A24,'muddati otgan'!J:J,"Kadastr qiymatini hisoblash va kiritish") -> 0 | BG24: =+COUNTIFS('muddati otgan'!C:C,A24,'muddati otgan'!J:J,"Kadastr raqam biriktirish") -> 0 | BH24: =+COUNTIFS('muddati otgan'!C:C,A24,'muddati otgan'!J:J,"Kadastr yig'ma jildni tayyorlash") -> 0 | BI24: =+COUNTIFS('muddati otgan'!C:C,A24,'muddati otgan'!J:J,"Huquqni yaratish") -> 0 | BJ24: =+COUNTIFS('muddati otgan'!C:C,A24,'muddati otgan'!J:J,"Hujjatlarni o'rganish") -> 0 | BK24: =+COUNTIFS('muddati otgan'!C:C,A24,'muddati otgan'!J:J,"Ma'lumotlarni tekshirish") -> 0 | BL24: =BM24+BN24+BP24+BO24+BQ24 -> 0 | BM24: =+COUNTIFS('muddati otgan'!C:C,A24,'muddati otgan'!J:J,"Tekshirish") -> 0 | BN24: =+COUNTIFS('muddati otgan'!C:C,A24,'muddati otgan'!J:J,"Hujjatlarni tekshirish") -> 0 | BO24: =+COUNTIFS('muddati otgan'!C:C,A24,'muddati otgan'!J:J,"Tasdiqlash") -> 0 | BP24: =+COUNTIFS('muddati otgan'!C:C,A24,'muddati otgan'!J:J,"tekshirish/tasdiqlash") -> 0 | BQ24: =+COUNTIFS('muddati otgan'!C:C,A24,'muddati otgan'!J:J,"Ma'lumotlarni tasdiqlash") -> 0 | BR24: =BS24+BU24+BV24+BW24+BX24+BY24-BT24 -> 0 | BS24: =+COUNTIFS('muddati otgan'!C:C,A24,'muddati otgan'!J:J,"Ro'yxatdan o'tkazish ma'lumotlarini tekshirish") -> 0 | BT24: =+COUNTIFS('muddati otgan'!C:C,A24,'muddati otgan'!J:J,"Kamchiliklar bo'yicha habarnoma yuborish va 3 kunga to'xtatish") -> 0 | BU24: =+COUNTIFS('muddati otgan'!C:C,A24,'muddati otgan'!J:J,"Hisobga olish") -> 0 | BV24: =+COUNTIFS('muddati otgan'!C:C,A24,'muddati otgan'!J:J,"Yer uchastkasiga huquq yaratish") -> 0 | BW24: =+COUNTIFS('muddati otgan'!C:C,A24,'muddati otgan'!J:J,"Bino-inshootga huquq yaratish") -> 0 | BX24: =+COUNTIFS('muddati otgan'!C:C,A24,'muddati otgan'!J:J,"Cheklov yaratish") -> 0 | BY24: =+COUNTIFS('muddati otgan'!C:C,A24,'muddati otgan'!J:J,"Taqiq yaratish") -> 0 | BZ24: =CA24 -> 0 | CA24: =+COUNTIFS('muddati otgan'!C:C,A24,'muddati otgan'!J:J,"Soliq maydonini tekshirish") -> 0 | CB24: =CC24 -> 0 | CC24: =+COUNTIFS('muddati otgan'!C:C,A24,'muddati otgan'!J:J,"Kadastr yig'majildini shakllantirish") -> 0 | CD24: =CE24+CF24+CG24+CI24+CJ24+CH24 -> 0 | CE24: =+COUNTIFS('muddati otgan'!C:C,A24,'muddati otgan'!J:J,"Kadastr passportini shakllantirish") -> 0 | CF24: =+COUNTIFS('muddati otgan'!C:C,A24,'muddati otgan'!J:J,"Yig'ma jildni tasdiqlash") -> 0 | CG24: =+COUNTIFS('muddati otgan'!C:C,A24,'muddati otgan'!J:J,"To'lov yoki bepul tasdiqlash") -> 0 | CH24: =+COUNTIFS('muddati otgan'!C:C,A24,'muddati otgan'!J:J,"Bog'liq arizani kutish") -> 0 | CI24: =+COUNTIFS('muddati otgan'!C:C,A24,'muddati otgan'!J:J,"To'lovga chiqarish") -> 0 | CJ24: =+COUNTIFS('muddati otgan'!C:C,A24,'muddati otgan'!J:J,"Hisobga qo'yish") -> 0 | CK24: =+COUNTIFS('muddati otgan'!C:C,A24,'muddati otgan'!J:J,"To'lov kutilmoqda") -> 0 | CL24: =CM24+CN24+CO24+CP24+CQ24+CR24+CS24+CT24 -> 0 | CM24: =+COUNTIFS('muddati otgan'!C:C,A24,'muddati otgan'!AA:AA,"Arizani qabul qilish2") -> 0 | CN24: =+COUNTIFS('muddati otgan'!C:C,A24,'muddati otgan'!J:J,"Huquqlarni tekshirish") -> 0 | CO24: =+COUNTIFS('muddati otgan'!C:C,A24,'muddati otgan'!J:J,"Ko'chmas mulkni ro'yhatdan o'tkazishga qabul qilish") -> 0 | CP24: =+COUNTIFS('muddati otgan'!C:C,A24,'muddati otgan'!J:J,"Ro'yxatdan o'tkazish") -> 0 | CQ24: =+COUNTIFS('muddati otgan'!C:C,A24,'muddati otgan'!J:J,"Kadastr pasporti va ko'chirmani yuborish") -> 0 | CR24: =+COUNTIFS('muddati otgan'!C:C,A24,'muddati otgan'!AA:AA,"Rad qilish2") -> 0 | CS24: =+COUNTIFS('muddati otgan'!C:C,A24,'muddati otgan'!J:J,"Ko'chirmani yuborish") -> 0 | CT24: =+COUNTIFS('muddati otgan'!C:C,A24,'muddati otgan'!J:J,"Ma‘lumotlarni tekshirish") -> 0 | CU24: =CV24 -> 0 | CV24: =+COUNTIFS('muddati otgan'!C:C,A24,'muddati otgan'!J:J,"Kadastr yig'majildini chop etish va arxiv ishiga tikish") -> 0 | CW24: =CX24+CY24 -> 0 | CX24: =+COUNTIFS('muddati otgan'!C:C,A24,'muddati otgan'!J:J,"Kadastr yig‘majildini qabul qilish, arizani yakunlash") -> 0 | CY24: =+COUNTIFS('muddati otgan'!C:C,A24,'muddati otgan'!J:J,"Next Cloudga yuklash") -> 0 | CZ24: =+COUNTIFS('muddati otgan'!C:C,A24,'muddati otgan'!J:J,"Kelishish kutilmoqda") -> 0 | DA24: =+COUNTIFS('muddati otgan'!C:C,A24,'muddati otgan'!J:J,"Yakunlandi") -> 0 | DB24: =+COUNTIFS('muddati otgan'!C:C,A24,'muddati otgan'!J:J,"Rad etildi") -> 0 | DC24: =CK24+CZ24+DA24+DB24-D24 -> 0 | DD24: =COUNTIFS('jami 1-20 kunlik arizalar'!C:C,A:A,'jami 1-20 kunlik arizalar'!S:S,"1") -> 0 | DE24: =COUNTIFS('jami 1-20 kunlik arizalar'!C:C,A:A,'jami 1-20 kunlik arizalar'!S:S,"2") -> 0 | DF24: =COUNTIFS('jami 1-20 kunlik arizalar'!C:C,A:A,'jami 1-20 kunlik arizalar'!S:S,"3") -> 0 | DG24: =COUNTIFS('jami 1-20 kunlik arizalar'!C:C,A:A,'jami 1-20 kunlik arizalar'!S:S,"4") -> 0 | DH24: =COUNTIFS('jami 1-20 kunlik arizalar'!C:C,A:A,'jami 1-20 kunlik arizalar'!S:S,"5") -> 0 | DI24: =SUM(COUNTIFS('jami 1-20 kunlik arizalar'!C:C,A:A, 'jami 1-20 kunlik arizalar'!S:S, {6,7,8,9,10})) -> 0 | DJ24: =SUM(COUNTIFS('jami 1-20 kunlik arizalar'!C:C,A:A, 'jami 1-20 kunlik arizalar'!S:S, ">10")) -> 0
A25: 30906922130016 | C25: KARIMOV XURSHIDBEK | D25: =+COUNTIFS('muddati otgan'!C:C,A25,'muddati otgan'!C:C,A25) -> 3 | E25: =SUMIFS('muddati otgan'!$V:V,'muddati otgan'!$C:C,$A:A) -> 0 | F25: =SUMIFS('muddati otgan'!$W:W,'muddati otgan'!$C:C,$A:A) -> 0 | G25: =SUMIFS('muddati otgan'!$U:U,'muddati otgan'!$C:C,$A:A) -> 3 | H25: =SUMIFS('muddati otgan'!$G:G,'muddati otgan'!$C:C,$A:A) -> 3 | I25: =SUMIFS('muddati otgan'!$H:H,'muddati otgan'!$C:C,$A:A) -> 0 | J25: =K25+P25+Q25+R25+S25+T25+U25+V25+W25+L25+O25+M25+N25+X25 -> 0 | K25: =+COUNTIFS('muddati otgan'!C:C,A25,'muddati otgan'!AA:AA,"Arizani qabul qilish") -> 0 | L25: =+COUNTIFS('muddati otgan'!C:C,A25,'muddati otgan'!J:J,"Arizani rad etish") -> 0 | M25: =+COUNTIFS('muddati otgan'!C:C,A25,'muddati otgan'!J:J,"Arizani tasdiqlash") -> 0 | N25: =+COUNTIFS('muddati otgan'!C:C,A25,'muddati otgan'!J:J,"Arizani yo'naltirish") -> 0 | O25: =+COUNTIFS('muddati otgan'!C:C,A25,'muddati otgan'!J:J,"Rad qilish sababini o'rganish") -> 0 | P25: =+COUNTIFS('muddati otgan'!C:C,A25,'muddati otgan'!J:J,"Ko'chmas mulkni UZKAD ga migratsiya qilish") -> 0 | Q25: =+COUNTIFS('muddati otgan'!C:C,A25,'muddati otgan'!J:J,"Migratisya qilingan obyekt holatini tekshirish") -> 0 | R25: =+COUNTIFS('muddati otgan'!C:C,A25,'muddati otgan'!J:J,"Ko‘chmas mulkni tanlash") -> 0 | S25: =+COUNTIFS('muddati otgan'!C:C,A25,'muddati otgan'!J:J,"Arizani ko'rib chiqish") -> 0 | T25: =+COUNTIFS('muddati otgan'!C:C,A25,'muddati otgan'!J:J,"Kadastr muhandisini tanlash") -> 0 | U25: =+COUNTIFS('muddati otgan'!C:C,A25,'muddati otgan'!J:J,"Ko'chmas mulk turini tanlahsh") -> 0 | V25: =+COUNTIFS('muddati otgan'!C:C,A25,'muddati otgan'!AA:AA,"Rad qilish") -> 0 | W25: =+COUNTIFS('muddati otgan'!C:C,A25,'muddati otgan'!J:J,"ijrochi tanlash") -> 0 | X25: =+COUNTIFS('muddati otgan'!C:C,A25,'muddati otgan'!J:J,"Ko'chmas mulk turini tanlash") -> 0 | Y25: =Z25+AD25+AF25+AE25+AC25+AB25+AA25 -> 0 | Z25: =+COUNTIFS('muddati otgan'!C:C,A25,'muddati otgan'!J:J,"Ijroga qabul qilish") -> 0 | AA25: =+COUNTIFS('muddati otgan'!C:C,A25,'muddati otgan'!J:J,"Joyida o'rganish va ma'lumotlarni kiritish") -> 0 | AB25: =+COUNTIFS('muddati otgan'!C:C,A25,'muddati otgan'!J:J,"Asosiy qismdan ajratish jarayonida") -> 0 | AC25: =+COUNTIFS('muddati otgan'!C:C,A25,'muddati otgan'!J:J,"Umumiy foydalanishdagi obyekt yaratilish") -> 0 | AD25: =+COUNTIFS('muddati otgan'!C:C,A25,'muddati otgan'!J:J,"Migratsiya qilinadigan kadastr raqamini kiritish") -> 0 | AE25: =+COUNTIFS('muddati otgan'!C:C,A25,'muddati otgan'!J:J,"O'zida qolgan obyektni yaratish") -> 0 | AF25: =+COUNTIFS('muddati otgan'!C:C,A25,'muddati otgan'!J:J,"O'lchov natijalarini kiritish") -> 0 | AG25: =+COUNTIFS('muddati otgan'!C:C,A25,'muddati otgan'!J:J,"Topoxaritani tayyorlash (dwg, pdf)") -> 0 | AH25: =AI25 -> 0 | AI25: =+COUNTIFS('muddati otgan'!C:C,A25,'muddati otgan'!J:J,"Yer uchastkasini yaratish") -> 0 | AJ25: =AK25 -> 0 | AK25: =+COUNTIFS('muddati otgan'!C:C,A25,'muddati otgan'!J:J,"Kelishish (Boshqarma)") -> 0 | AL25: =AM25+AN25+AO25 -> 0 | AM25: =+COUNTIFS('muddati otgan'!C:C,A25,'muddati otgan'!J:J,"Kelishish (DKP)") -> 0 | AN25: =+COUNTIFS('muddati otgan'!C:C,A25,'muddati otgan'!J:J,"Kelishish") -> 0 | AO25: =+COUNTIFS('muddati otgan'!C:C,A25,'muddati otgan'!J:J,"Kelishish (Registratsiya DKP)") -> 0 | AP25: =AQ25+AR25+AS25+AT25 -> 0 | AQ25: =+COUNTIFS('muddati otgan'!C:C,A25,'muddati otgan'!J:J,"Manzil biriktirish") -> 0 | AR25: =+COUNTIFS('muddati otgan'!C:C,A25,'muddati otgan'!J:J,"Bino va inshootlarni yaratish") -> 0 | AS25: =+COUNTIFS('muddati otgan'!C:C,A25,'muddati otgan'!J:J,"Dov daraxtlarni yaratish") -> 0 | AT25: =+COUNTIFS('muddati otgan'!C:C,A25,'muddati otgan'!J:J,"Yer uchastkasini tahrirlash") -> 0 | AU25: =AV25+AW25+AX25+AY25+AZ25 -> 0 | AV25: =+COUNTIFS('muddati otgan'!C:C,A25,'muddati otgan'!J:J,"Yer toifasi va maqsadini kiritish") -> 0 | AW25: =+COUNTIFS('muddati otgan'!C:C,A25,'muddati otgan'!J:J,"Auksion yer tekshirish") -> 0 | AX25: =+COUNTIFS('muddati otgan'!C:C,A25,'muddati otgan'!J:J,"Yer turlarini kiritish") -> 0 | AY25: =+COUNTIFS('muddati otgan'!C:C,A25,'muddati otgan'!J:J,"Ma'lumotlarni kiritish") -> 0 | AZ25: =+COUNTIFS('muddati otgan'!C:C,A25,'muddati otgan'!J:J,"Yer tekshirish") -> 0 | BA25: =BB25+BC25+BD25+BE25+BF25+BG25+BH25+BI25+BJ25+BK25 -> 0 | BB25: =+COUNTIFS('muddati otgan'!C:C,A25,'muddati otgan'!J:J,"Bino va inshoot ma'lumotlarini to‘ldirish") -> 0 | BC25: =+COUNTIFS('muddati otgan'!C:C,A25,'muddati otgan'!J:J,"Inventarizatsiya ma'lumotlarini to‘ldirish") -> 0 | BD25: =+COUNTIFS('muddati otgan'!C:C,A25,'muddati otgan'!J:J,"Yer uchastkasiga huquqiy hujjatlarni kiritsh") -> 0 | BE25: =+COUNTIFS('muddati otgan'!C:C,A25,'muddati otgan'!J:J,"Bino-inshootlarga huquqiy hujjatlarni kiritsh") -> 0 | BF25: =+COUNTIFS('muddati otgan'!C:C,A25,'muddati otgan'!J:J,"Kadastr qiymatini hisoblash va kiritish") -> 0 | BG25: =+COUNTIFS('muddati otgan'!C:C,A25,'muddati otgan'!J:J,"Kadastr raqam biriktirish") -> 0 | BH25: =+COUNTIFS('muddati otgan'!C:C,A25,'muddati otgan'!J:J,"Kadastr yig'ma jildni tayyorlash") -> 0 | BI25: =+COUNTIFS('muddati otgan'!C:C,A25,'muddati otgan'!J:J,"Huquqni yaratish") -> 0 | BJ25: =+COUNTIFS('muddati otgan'!C:C,A25,'muddati otgan'!J:J,"Hujjatlarni o'rganish") -> 0 | BK25: =+COUNTIFS('muddati otgan'!C:C,A25,'muddati otgan'!J:J,"Ma'lumotlarni tekshirish") -> 0 | BL25: =BM25+BN25+BP25+BO25+BQ25 -> 0 | BM25: =+COUNTIFS('muddati otgan'!C:C,A25,'muddati otgan'!J:J,"Tekshirish") -> 0 | BN25: =+COUNTIFS('muddati otgan'!C:C,A25,'muddati otgan'!J:J,"Hujjatlarni tekshirish") -> 0 | BO25: =+COUNTIFS('muddati otgan'!C:C,A25,'muddati otgan'!J:J,"Tasdiqlash") -> 0 | BP25: =+COUNTIFS('muddati otgan'!C:C,A25,'muddati otgan'!J:J,"tekshirish/tasdiqlash") -> 0 | BQ25: =+COUNTIFS('muddati otgan'!C:C,A25,'muddati otgan'!J:J,"Ma'lumotlarni tasdiqlash") -> 0 | BR25: =BS25+BU25+BV25+BW25+BX25+BY25-BT25 -> 0 | BS25: =+COUNTIFS('muddati otgan'!C:C,A25,'muddati otgan'!J:J,"Ro'yxatdan o'tkazish ma'lumotlarini tekshirish") -> 0 | BT25: =+COUNTIFS('muddati otgan'!C:C,A25,'muddati otgan'!J:J,"Kamchiliklar bo'yicha habarnoma yuborish va 3 kunga to'xtatish") -> 0 | BU25: =+COUNTIFS('muddati otgan'!C:C,A25,'muddati otgan'!J:J,"Hisobga olish") -> 0 | BV25: =+COUNTIFS('muddati otgan'!C:C,A25,'muddati otgan'!J:J,"Yer uchastkasiga huquq yaratish") -> 0 | BW25: =+COUNTIFS('muddati otgan'!C:C,A25,'muddati otgan'!J:J,"Bino-inshootga huquq yaratish") -> 0 | BX25: =+COUNTIFS('muddati otgan'!C:C,A25,'muddati otgan'!J:J,"Cheklov yaratish") -> 0 | BY25: =+COUNTIFS('muddati otgan'!C:C,A25,'muddati otgan'!J:J,"Taqiq yaratish") -> 0 | BZ25: =CA25 -> 0 | CA25: =+COUNTIFS('muddati otgan'!C:C,A25,'muddati otgan'!J:J,"Soliq maydonini tekshirish") -> 0 | CB25: =CC25 -> 0 | CC25: =+COUNTIFS('muddati otgan'!C:C,A25,'muddati otgan'!J:J,"Kadastr yig'majildini shakllantirish") -> 0 | CD25: =CE25+CF25+CG25+CI25+CJ25+CH25 -> 0 | CE25: =+COUNTIFS('muddati otgan'!C:C,A25,'muddati otgan'!J:J,"Kadastr passportini shakllantirish") -> 0 | CF25: =+COUNTIFS('muddati otgan'!C:C,A25,'muddati otgan'!J:J,"Yig'ma jildni tasdiqlash") -> 0 | CG25: =+COUNTIFS('muddati otgan'!C:C,A25,'muddati otgan'!J:J,"To'lov yoki bepul tasdiqlash") -> 0 | CH25: =+COUNTIFS('muddati otgan'!C:C,A25,'muddati otgan'!J:J,"Bog'liq arizani kutish") -> 0 | CI25: =+COUNTIFS('muddati otgan'!C:C,A25,'muddati otgan'!J:J,"To'lovga chiqarish") -> 0 | CJ25: =+COUNTIFS('muddati otgan'!C:C,A25,'muddati otgan'!J:J,"Hisobga qo'yish") -> 0 | CK25: =+COUNTIFS('muddati otgan'!C:C,A25,'muddati otgan'!J:J,"To'lov kutilmoqda") -> 2 | CL25: =CM25+CN25+CO25+CP25+CQ25+CR25+CS25+CT25 -> 0 | CM25: =+COUNTIFS('muddati otgan'!C:C,A25,'muddati otgan'!AA:AA,"Arizani qabul qilish2") -> 0 | CN25: =+COUNTIFS('muddati otgan'!C:C,A25,'muddati otgan'!J:J,"Huquqlarni tekshirish") -> 0 | CO25: =+COUNTIFS('muddati otgan'!C:C,A25,'muddati otgan'!J:J,"Ko'chmas mulkni ro'yhatdan o'tkazishga qabul qilish") -> 0 | CP25: =+COUNTIFS('muddati otgan'!C:C,A25,'muddati otgan'!J:J,"Ro'yxatdan o'tkazish") -> 0 | CQ25: =+COUNTIFS('muddati otgan'!C:C,A25,'muddati otgan'!J:J,"Kadastr pasporti va ko'chirmani yuborish") -> 0 | CR25: =+COUNTIFS('muddati otgan'!C:C,A25,'muddati otgan'!AA:AA,"Rad qilish2") -> 0 | CS25: =+COUNTIFS('muddati otgan'!C:C,A25,'muddati otgan'!J:J,"Ko'chirmani yuborish") -> 0 | CT25: =+COUNTIFS('muddati otgan'!C:C,A25,'muddati otgan'!J:J,"Ma‘lumotlarni tekshirish") -> 0 | CU25: =CV25 -> 0 | CV25: =+COUNTIFS('muddati otgan'!C:C,A25,'muddati otgan'!J:J,"Kadastr yig'majildini chop etish va arxiv ishiga tikish") -> 0 | CW25: =CX25+CY25 -> 0 | CX25: =+COUNTIFS('muddati otgan'!C:C,A25,'muddati otgan'!J:J,"Kadastr yig‘majildini qabul qilish, arizani yakunlash") -> 0 | CY25: =+COUNTIFS('muddati otgan'!C:C,A25,'muddati otgan'!J:J,"Next Cloudga yuklash") -> 0 | CZ25: =+COUNTIFS('muddati otgan'!C:C,A25,'muddati otgan'!J:J,"Kelishish kutilmoqda") -> 0 | DA25: =+COUNTIFS('muddati otgan'!C:C,A25,'muddati otgan'!J:J,"Yakunlandi") -> 1 | DB25: =+COUNTIFS('muddati otgan'!C:C,A25,'muddati otgan'!J:J,"Rad etildi") -> 0 | DC25: =CK25+CZ25+DA25+DB25-D25 -> 0 | DD25: =COUNTIFS('jami 1-20 kunlik arizalar'!C:C,A:A,'jami 1-20 kunlik arizalar'!S:S,"1") -> 0 | DE25: =COUNTIFS('jami 1-20 kunlik arizalar'!C:C,A:A,'jami 1-20 kunlik arizalar'!S:S,"2") -> 0 | DF25: =COUNTIFS('jami 1-20 kunlik arizalar'!C:C,A:A,'jami 1-20 kunlik arizalar'!S:S,"3") -> 2 | DG25: =COUNTIFS('jami 1-20 kunlik arizalar'!C:C,A:A,'jami 1-20 kunlik arizalar'!S:S,"4") -> 0 | DH25: =COUNTIFS('jami 1-20 kunlik arizalar'!C:C,A:A,'jami 1-20 kunlik arizalar'!S:S,"5") -> 2 | DI25: =SUM(COUNTIFS('jami 1-20 kunlik arizalar'!C:C,A:A, 'jami 1-20 kunlik arizalar'!S:S, {6,7,8,9,10})) -> 5 | DJ25: =SUM(COUNTIFS('jami 1-20 kunlik arizalar'!C:C,A:A, 'jami 1-20 kunlik arizalar'!S:S, ">10")) -> 0
